split,essay_id,essay_set,gold,trait_avg,trait_avg_filled,trait_avg_clipped,pred_scaled,pred_rounded
test,1,1,8,6.75,6.75,6.75,7.833333333333333,8
test,3,1,7,6.75,6.75,6.75,7.833333333333333,8
test,9,1,9,8.5,8.5,8.5,10.75,11
test,12,1,8,6.0,6.0,6.0,6.583333333333333,7
test,19,1,4,2.75,2.75,3.25,2.0,2
test,25,1,8,6.75,6.75,6.75,7.833333333333333,8
test,28,1,9,6.0,6.0,6.0,6.583333333333333,7
test,60,1,4,5.25,5.25,5.25,5.333333333333334,5
test,61,1,8,8.75,8.75,8.75,11.166666666666666,11
test,72,1,10,8.5,8.5,8.5,10.75,11
test,78,1,10,7.0,7.0,7.0,8.25,8
test,87,1,10,8.25,8.25,8.25,10.333333333333334,10
test,112,1,9,7.5,7.5,7.5,9.083333333333332,9
test,116,1,4,4.0,4.0,4.0,3.25,3
test,133,1,10,6.25,6.25,6.25,7.0,7
test,135,1,7,7.0,7.0,7.0,8.25,8
test,154,1,12,9.0,9.0,9.0,11.583333333333334,12
test,156,1,8,7.5,7.5,7.5,9.083333333333332,9
test,169,1,6,8.25,8.25,8.25,10.333333333333334,10
test,176,1,10,6.75,6.75,6.75,7.833333333333333,8
test,179,1,8,8.5,8.5,8.5,10.75,11
test,193,1,8,7.75,7.75,7.75,9.5,10
test,241,1,9,5.5,5.5,5.5,5.75,6
test,252,1,9,7.25,7.25,7.25,8.666666666666668,9
test,256,1,8,6.75,6.75,6.75,7.833333333333333,8
test,258,1,11,7.25,7.25,7.25,8.666666666666668,9
test,272,1,10,7.75,7.75,7.75,9.5,10
test,277,1,9,8.25,8.25,8.25,10.333333333333334,10
test,281,1,7,6.25,6.25,6.25,7.0,7
test,285,1,11,8.5,8.5,8.5,10.75,11
test,288,1,8,7.5,7.5,7.5,9.083333333333332,9
test,296,1,10,7.75,7.75,7.75,9.5,10
test,330,1,11,7.25,7.25,7.25,8.666666666666668,9
test,333,1,9,7.75,7.75,7.75,9.5,10
test,342,1,9,8.25,8.25,8.25,10.333333333333334,10
test,350,1,8,6.75,6.75,6.75,7.833333333333333,8
test,352,1,7,4.0,4.0,4.0,3.25,3
test,357,1,8,6.75,6.75,6.75,7.833333333333333,8
test,364,1,11,8.75,8.75,8.75,11.166666666666666,11
test,367,1,8,7.25,7.25,7.25,8.666666666666668,9
test,388,1,7,7.5,7.5,7.5,9.083333333333332,9
test,394,1,7,5.5,5.5,5.5,5.75,6
test,404,1,8,8.25,8.25,8.25,10.333333333333334,10
test,410,1,8,7.25,7.25,7.25,8.666666666666668,9
test,417,1,8,6.0,6.0,6.0,6.583333333333333,7
test,424,1,9,9.0,9.0,9.0,11.583333333333334,12
test,433,1,11,7.25,7.25,7.25,8.666666666666668,9
test,472,1,12,8.0,8.0,8.0,9.916666666666668,10
test,482,1,9,7.5,7.5,7.5,9.083333333333332,9
test,501,1,8,5.25,5.25,5.25,5.333333333333334,5
test,514,1,8,5.25,5.25,5.25,5.333333333333334,5
test,520,1,6,5.75,5.75,5.75,6.166666666666667,6
test,531,1,10,9.25,9.25,9.25,12.0,12
test,536,1,8,7.25,7.25,7.25,8.666666666666668,9
test,546,1,6,5.75,5.75,5.75,6.166666666666667,6
test,547,1,8,7.5,7.5,7.5,9.083333333333332,9
test,551,1,8,7.25,7.25,7.25,8.666666666666668,9
test,555,1,11,7.5,7.5,7.5,9.083333333333332,9
test,573,1,10,7.5,7.5,7.5,9.083333333333332,9
test,578,1,9,6.25,6.25,6.25,7.0,7
test,587,1,9,7.0,7.0,7.0,8.25,8
test,598,1,8,4.75,4.75,4.75,4.5,4
test,619,1,11,9.0,9.0,9.0,11.583333333333334,12
test,626,1,7,6.5,6.5,6.5,7.416666666666667,7
test,628,1,11,8.0,8.0,8.0,9.916666666666668,10
test,638,1,8,8.5,8.5,8.5,10.75,11
test,644,1,8,9.0,9.0,9.0,11.583333333333334,12
test,661,1,8,7.0,7.0,7.0,8.25,8
test,665,1,7,4.25,4.25,4.25,3.666666666666667,4
test,670,1,8,6.25,6.25,6.25,7.0,7
test,688,1,9,7.75,7.75,7.75,9.5,10
test,696,1,8,8.25,8.25,8.25,10.333333333333334,10
test,704,1,7,4.75,4.75,4.75,4.5,4
test,717,1,8,4.5,4.5,4.5,4.083333333333334,4
test,720,1,10,6.75,6.75,6.75,7.833333333333333,8
test,723,1,10,8.75,8.75,8.75,11.166666666666666,11
test,736,1,10,7.0,7.0,7.0,8.25,8
test,738,1,6,7.0,7.0,7.0,8.25,8
test,760,1,9,6.75,6.75,6.75,7.833333333333333,8
test,762,1,10,8.25,8.25,8.25,10.333333333333334,10
test,772,1,10,8.0,8.0,8.0,9.916666666666668,10
test,775,1,7,6.0,6.0,6.0,6.583333333333333,7
test,780,1,9,7.5,7.5,7.5,9.083333333333332,9
test,809,1,9,6.5,6.5,6.5,7.416666666666667,7
test,816,1,9,6.25,6.25,6.25,7.0,7
test,821,1,9,7.0,7.0,7.0,8.25,8
test,849,1,7,4.0,4.0,4.0,3.25,3
test,868,1,12,8.5,8.5,8.5,10.75,11
test,875,1,11,8.75,8.75,8.75,11.166666666666666,11
test,896,1,8,7.0,7.0,7.0,8.25,8
test,902,1,10,8.25,8.25,8.25,10.333333333333334,10
test,904,1,8,5.0,5.0,5.0,4.916666666666666,5
test,905,1,6,4.0,4.0,4.0,3.25,3
test,908,1,10,8.5,8.5,8.5,10.75,11
test,922,1,8,7.25,7.25,7.25,8.666666666666668,9
test,937,1,11,7.75,7.75,7.75,9.5,10
test,939,1,6,5.25,5.25,5.25,5.333333333333334,5
test,947,1,10,9.0,9.0,9.0,11.583333333333334,12
test,964,1,11,7.0,7.0,7.0,8.25,8
test,981,1,8,5.0,5.0,5.0,4.916666666666666,5
test,989,1,9,8.5,8.5,8.5,10.75,11
test,991,1,6,6.25,6.25,6.25,7.0,7
test,995,1,4,5.25,5.25,5.25,5.333333333333334,5
test,1022,1,11,9.0,9.0,9.0,11.583333333333334,12
test,1025,1,8,8.25,8.25,8.25,10.333333333333334,10
test,1028,1,10,8.75,8.75,8.75,11.166666666666666,11
test,1049,1,10,8.0,8.0,8.0,9.916666666666668,10
test,1059,1,8,7.5,7.5,7.5,9.083333333333332,9
test,1065,1,7,3.25,3.25,3.25,2.0,2
test,1070,1,7,4.25,4.25,4.25,3.666666666666667,4
test,1079,1,8,6.5,6.5,6.5,7.416666666666667,7
test,1083,1,7,6.25,6.25,6.25,7.0,7
test,1093,1,8,6.25,6.25,6.25,7.0,7
test,1106,1,9,9.25,9.25,9.25,12.0,12
test,1108,1,9,6.5,6.5,6.5,7.416666666666667,7
test,1118,1,8,7.0,7.0,7.0,8.25,8
test,1128,1,8,4.5,4.5,4.5,4.083333333333334,4
test,1149,1,10,8.25,8.25,8.25,10.333333333333334,10
test,1153,1,9,8.75,8.75,8.75,11.166666666666666,11
test,1180,1,8,7.75,7.75,7.75,9.5,10
test,1186,1,9,8.5,8.5,8.5,10.75,11
test,1190,1,9,5.5,5.5,5.5,5.75,6
test,1198,1,7,5.25,5.25,5.25,5.333333333333334,5
test,1203,1,8,8.25,8.25,8.25,10.333333333333334,10
test,1210,1,8,7.75,7.75,7.75,9.5,10
test,1251,1,8,7.75,7.75,7.75,9.5,10
test,1261,1,9,7.75,7.75,7.75,9.5,10
test,1265,1,10,8.75,8.75,8.75,11.166666666666666,11
test,1267,1,8,8.75,8.75,8.75,11.166666666666666,11
test,1277,1,7,6.75,6.75,6.75,7.833333333333333,8
test,1292,1,8,6.5,6.5,6.5,7.416666666666667,7
test,1299,1,11,7.25,7.25,7.25,8.666666666666668,9
test,1301,1,8,5.0,5.0,5.0,4.916666666666666,5
test,1304,1,11,9.0,9.0,9.0,11.583333333333334,12
test,1306,1,8,8.5,8.5,8.5,10.75,11
test,1345,1,8,7.5,7.5,7.5,9.083333333333332,9
test,1346,1,8,5.25,5.25,5.25,5.333333333333334,5
test,1348,1,7,5.75,5.75,5.75,6.166666666666667,6
test,1353,1,10,8.25,8.25,8.25,10.333333333333334,10
test,1358,1,11,9.0,9.0,9.0,11.583333333333334,12
test,1364,1,9,8.5,8.5,8.5,10.75,11
test,1368,1,7,6.25,6.25,6.25,7.0,7
test,1396,1,9,4.75,4.75,4.75,4.5,4
test,1405,1,9,7.0,7.0,7.0,8.25,8
test,1412,1,10,8.0,8.0,8.0,9.916666666666668,10
test,1415,1,12,8.75,8.75,8.75,11.166666666666666,11
test,1418,1,8,4.5,4.5,4.5,4.083333333333334,4
test,1432,1,8,6.25,6.25,6.25,7.0,7
test,1438,1,9,8.0,8.0,8.0,9.916666666666668,10
test,1444,1,10,8.5,8.5,8.5,10.75,11
test,1446,1,10,7.75,7.75,7.75,9.5,10
test,1466,1,8,7.0,7.0,7.0,8.25,8
test,1479,1,7,6.5,6.5,6.5,7.416666666666667,7
test,1480,1,9,7.0,7.0,7.0,8.25,8
test,1486,1,8,7.0,7.0,7.0,8.25,8
test,1512,1,8,6.75,6.75,6.75,7.833333333333333,8
test,1531,1,8,6.75,6.75,6.75,7.833333333333333,8
test,1541,1,8,7.25,7.25,7.25,8.666666666666668,9
test,1546,1,10,8.75,8.75,8.75,11.166666666666666,11
test,1570,1,11,8.5,8.5,8.5,10.75,11
test,1572,1,8,8.25,8.25,8.25,10.333333333333334,10
test,1586,1,7,4.5,4.5,4.5,4.083333333333334,4
test,1591,1,9,8.25,8.25,8.25,10.333333333333334,10
test,1597,1,11,7.75,7.75,7.75,9.5,10
test,1601,1,8,8.0,8.0,8.0,9.916666666666668,10
test,1635,1,10,6.25,6.25,6.25,7.0,7
test,1641,1,8,5.25,5.25,5.25,5.333333333333334,5
test,1646,1,8,6.75,6.75,6.75,7.833333333333333,8
test,1666,1,9,8.25,8.25,8.25,10.333333333333334,10
test,1671,1,11,8.75,8.75,8.75,11.166666666666666,11
test,1680,1,8,7.25,7.25,7.25,8.666666666666668,9
test,1701,1,8,5.75,5.75,5.75,6.166666666666667,6
test,1708,1,7,4.5,4.5,4.5,4.083333333333334,4
test,1743,1,9,7.75,7.75,7.75,9.5,10
test,1752,1,9,5.25,5.25,5.25,5.333333333333334,5
test,1756,1,10,7.25,7.25,7.25,8.666666666666668,9
test,1761,1,8,7.0,7.0,7.0,8.25,8
test,1770,1,10,9.25,9.25,9.25,12.0,12
test,2991,2,3,6.0,6.0,6.0,3.8846153846153846,4
test,2996,2,1,3.0,3.0,3.0,1.5769230769230769,2
test,3007,2,3,5.75,5.75,5.75,3.6923076923076925,4
test,3023,2,4,6.5,6.5,6.5,4.269230769230769,4
test,3027,2,3,5.75,5.75,5.75,3.6923076923076925,4
test,3028,2,5,7.0,7.0,7.0,4.653846153846153,5
test,3029,2,3,4.5,4.5,4.5,2.730769230769231,3
test,3033,2,4,4.75,4.75,4.75,2.9230769230769234,3
test,3041,2,4,6.0,6.0,6.0,3.8846153846153846,4
test,3064,2,3,5.25,5.25,5.25,3.3076923076923075,3
test,3069,2,4,6.5,6.5,6.5,4.269230769230769,4
test,3078,2,3,4.25,4.25,4.25,2.5384615384615383,3
test,3088,2,3,6.0,6.0,6.0,3.8846153846153846,4
test,3091,2,2,4.75,4.75,4.75,2.9230769230769234,3
test,3124,2,4,7.25,7.25,7.25,4.846153846153847,5
test,3131,2,4,7.0,7.0,7.0,4.653846153846153,5
test,3142,2,4,6.75,6.75,6.75,4.461538461538462,4
test,3145,2,4,7.25,7.25,7.25,4.846153846153847,5
test,3154,2,3,7.0,7.0,7.0,4.653846153846153,5
test,3155,2,3,4.25,4.25,4.25,2.5384615384615383,3
test,3165,2,4,7.0,7.0,7.0,4.653846153846153,5
test,3180,2,3,7.0,7.0,7.0,4.653846153846153,5
test,3194,2,3,7.5,7.5,7.5,5.038461538461538,5
test,3205,2,3,7.0,7.0,7.0,4.653846153846153,5
test,3206,2,4,5.25,5.25,5.25,3.3076923076923075,3
test,3207,2,3,6.0,6.0,6.0,3.8846153846153846,4
test,3215,2,3,5.0,5.0,5.0,3.1153846153846154,3
test,3227,2,3,5.5,5.5,5.5,3.5,4
test,3236,2,4,7.0,7.0,7.0,4.653846153846153,5
test,3271,2,4,3.75,3.75,3.75,2.1538461538461537,2
test,3277,2,5,8.5,8.5,8.5,5.8076923076923075,6
test,3279,2,4,7.0,7.0,7.0,4.653846153846153,5
test,3302,2,4,7.0,7.0,7.0,4.653846153846153,5
test,3319,2,3,4.75,4.75,4.75,2.9230769230769234,3
test,3369,2,3,6.5,6.5,6.5,4.269230769230769,4
test,3371,2,3,6.75,6.75,6.75,4.461538461538462,4
test,3372,2,3,4.75,4.75,4.75,2.9230769230769234,3
test,3375,2,3,6.0,6.0,6.0,3.8846153846153846,4
test,3388,2,3,5.25,5.25,5.25,3.3076923076923075,3
test,3403,2,3,6.75,6.75,6.75,4.461538461538462,4
test,3411,2,4,6.0,6.0,6.0,3.8846153846153846,4
test,3445,2,4,7.5,7.5,7.5,5.038461538461538,5
test,3449,2,4,6.25,6.25,6.25,4.076923076923077,4
test,3493,2,2,5.0,5.0,5.0,3.1153846153846154,3
test,3511,2,3,6.25,6.25,6.25,4.076923076923077,4
test,3528,2,4,7.25,7.25,7.25,4.846153846153847,5
test,3543,2,3,6.5,6.5,6.5,4.269230769230769,4
test,3548,2,3,7.5,7.5,7.5,5.038461538461538,5
test,3561,2,3,6.75,6.75,6.75,4.461538461538462,4
test,3574,2,4,7.25,7.25,7.25,4.846153846153847,5
test,3577,2,4,7.75,7.75,7.75,5.230769230769231,5
test,3581,2,3,5.0,5.0,5.0,3.1153846153846154,3
test,3588,2,2,3.5,3.5,3.5,1.9615384615384617,2
test,3594,2,4,5.5,5.5,5.5,3.5,4
test,3603,2,2,1.0,1.0,2.25,1.0,1
test,3604,2,3,5.0,5.0,5.0,3.1153846153846154,3
test,3630,2,3,7.75,7.75,7.75,5.230769230769231,5
test,3632,2,3,4.75,4.75,4.75,2.9230769230769234,3
test,3646,2,4,7.25,7.25,7.25,4.846153846153847,5
test,3655,2,3,6.5,6.5,6.5,4.269230769230769,4
test,3681,2,3,5.0,5.0,5.0,3.1153846153846154,3
test,3702,2,3,6.25,6.25,6.25,4.076923076923077,4
test,3716,2,3,7.5,7.5,7.5,5.038461538461538,5
test,3718,2,3,5.75,5.75,5.75,3.6923076923076925,4
test,3722,2,5,7.75,7.75,7.75,5.230769230769231,5
test,3727,2,3,4.0,4.0,4.0,2.3461538461538463,2
test,3741,2,2,4.5,4.5,4.5,2.730769230769231,3
test,3746,2,4,7.25,7.25,7.25,4.846153846153847,5
test,3757,2,3,6.5,6.5,6.5,4.269230769230769,4
test,3758,2,3,6.5,6.5,6.5,4.269230769230769,4
test,3777,2,4,6.25,6.25,6.25,4.076923076923077,4
test,3779,2,2,4.0,4.0,4.0,2.3461538461538463,2
test,3783,2,4,6.75,6.75,6.75,4.461538461538462,4
test,3809,2,5,8.25,8.25,8.25,5.615384615384615,6
test,3824,2,4,7.0,7.0,7.0,4.653846153846153,5
test,3840,2,4,7.75,7.75,7.75,5.230769230769231,5
test,3847,2,4,7.0,7.0,7.0,4.653846153846153,5
test,3850,2,3,4.25,4.25,4.25,2.5384615384615383,3
test,3853,2,4,6.75,6.75,6.75,4.461538461538462,4
test,3872,2,4,6.25,6.25,6.25,4.076923076923077,4
test,3873,2,5,7.5,7.5,7.5,5.038461538461538,5
test,3874,2,3,5.5,5.5,5.5,3.5,4
test,3883,2,1,1.5,1.5,2.25,1.0,1
test,3884,2,3,5.25,5.25,5.25,3.3076923076923075,3
test,3888,2,5,7.5,7.5,7.5,5.038461538461538,5
test,3906,2,4,8.0,8.0,8.0,5.423076923076923,5
test,3912,2,3,7.5,7.5,7.5,5.038461538461538,5
test,3913,2,3,5.25,5.25,5.25,3.3076923076923075,3
test,3917,2,3,7.25,7.25,7.25,4.846153846153847,5
test,3940,2,4,6.5,6.5,6.5,4.269230769230769,4
test,3942,2,3,4.25,4.25,4.25,2.5384615384615383,3
test,3945,2,3,6.75,6.75,6.75,4.461538461538462,4
test,3946,2,4,7.25,7.25,7.25,4.846153846153847,5
test,3969,2,3,6.0,6.0,6.0,3.8846153846153846,4
test,3975,2,4,6.25,6.25,6.25,4.076923076923077,4
test,3984,2,4,7.75,7.75,7.75,5.230769230769231,5
test,3991,2,4,5.5,5.5,5.5,3.5,4
test,3992,2,4,7.25,7.25,7.25,4.846153846153847,5
test,4008,2,2,3.75,3.75,3.75,2.1538461538461537,2
test,4009,2,1,0.5,0.5,2.25,1.0,1
test,4024,2,1,1.75,1.75,2.25,1.0,1
test,4033,2,5,7.75,7.75,7.75,5.230769230769231,5
test,4052,2,3,7.0,7.0,7.0,4.653846153846153,5
test,4056,2,3,8.25,8.25,8.25,5.615384615384615,6
test,4073,2,4,7.75,7.75,7.75,5.230769230769231,5
test,4088,2,4,8.5,8.5,8.5,5.8076923076923075,6
test,4093,2,4,7.25,7.25,7.25,4.846153846153847,5
test,4103,2,4,8.0,8.0,8.0,5.423076923076923,5
test,4108,2,6,8.5,8.5,8.5,5.8076923076923075,6
test,4115,2,2,2.5,2.5,2.5,1.1923076923076923,1
test,4117,2,4,7.25,7.25,7.25,4.846153846153847,5
test,4130,2,4,7.0,7.0,7.0,4.653846153846153,5
test,4137,2,4,6.75,6.75,6.75,4.461538461538462,4
test,4147,2,4,7.5,7.5,7.5,5.038461538461538,5
test,4150,2,3,6.75,6.75,6.75,4.461538461538462,4
test,4154,2,4,7.5,7.5,7.5,5.038461538461538,5
test,4163,2,3,5.25,5.25,5.25,3.3076923076923075,3
test,4167,2,3,4.0,4.0,4.0,2.3461538461538463,2
test,4173,2,3,5.75,5.75,5.75,3.6923076923076925,4
test,4176,2,5,7.25,7.25,7.25,4.846153846153847,5
test,4194,2,4,8.5,8.5,8.5,5.8076923076923075,6
test,4198,2,4,6.5,6.5,6.5,4.269230769230769,4
test,4220,2,4,6.75,6.75,6.75,4.461538461538462,4
test,4222,2,4,7.75,7.75,7.75,5.230769230769231,5
test,4224,2,3,7.0,7.0,7.0,4.653846153846153,5
test,4226,2,4,7.25,7.25,7.25,4.846153846153847,5
test,4230,2,4,7.5,7.5,7.5,5.038461538461538,5
test,4232,2,4,6.25,6.25,6.25,4.076923076923077,4
test,4247,2,2,6.25,6.25,6.25,4.076923076923077,4
test,4258,2,2,4.5,4.5,4.5,2.730769230769231,3
test,4287,2,4,8.75,8.75,8.75,6.0,6
test,4306,2,3,6.25,6.25,6.25,4.076923076923077,4
test,4308,2,4,6.0,6.0,6.0,3.8846153846153846,4
test,4327,2,2,4.0,4.0,4.0,2.3461538461538463,2
test,4351,2,5,8.25,8.25,8.25,5.615384615384615,6
test,4377,2,4,6.75,6.75,6.75,4.461538461538462,4
test,4381,2,3,5.75,5.75,5.75,3.6923076923076925,4
test,4384,2,4,7.0,7.0,7.0,4.653846153846153,5
test,4395,2,3,6.25,6.25,6.25,4.076923076923077,4
test,4401,2,5,7.0,7.0,7.0,4.653846153846153,5
test,4404,2,4,5.5,5.5,5.5,3.5,4
test,4424,2,2,3.5,3.5,3.5,1.9615384615384617,2
test,4428,2,4,7.75,7.75,7.75,5.230769230769231,5
test,4440,2,4,8.25,8.25,8.25,5.615384615384615,6
test,4445,2,3,6.0,6.0,6.0,3.8846153846153846,4
test,4446,2,3,7.0,7.0,7.0,4.653846153846153,5
test,4464,2,2,3.5,3.5,3.5,1.9615384615384617,2
test,4465,2,4,3.75,3.75,3.75,2.1538461538461537,2
test,4468,2,3,7.75,7.75,7.75,5.230769230769231,5
test,4470,2,3,5.25,5.25,5.25,3.3076923076923075,3
test,4478,2,4,6.5,6.5,6.5,4.269230769230769,4
test,4480,2,4,7.0,7.0,7.0,4.653846153846153,5
test,4530,2,3,5.5,5.5,5.5,3.5,4
test,4531,2,4,7.0,7.0,7.0,4.653846153846153,5
test,4535,2,2,6.75,6.75,6.75,4.461538461538462,4
test,4549,2,3,6.75,6.75,6.75,4.461538461538462,4
test,4557,2,4,6.5,6.5,6.5,4.269230769230769,4
test,4566,2,3,5.0,5.0,5.0,3.1153846153846154,3
test,4570,2,2,5.0,5.0,5.0,3.1153846153846154,3
test,4581,2,4,5.25,5.25,5.25,3.3076923076923075,3
test,4598,2,4,6.25,6.25,6.25,4.076923076923077,4
test,4606,2,3,3.5,3.5,3.5,1.9615384615384617,2
test,4618,2,3,4.0,4.0,4.0,2.3461538461538463,2
test,4647,2,4,6.5,6.5,6.5,4.269230769230769,4
test,4651,2,3,6.5,6.5,6.5,4.269230769230769,4
test,4653,2,3,7.25,7.25,7.25,4.846153846153847,5
test,4656,2,4,6.0,6.0,6.0,3.8846153846153846,4
test,4682,2,3,7.0,7.0,7.0,4.653846153846153,5
test,4696,2,3,4.0,4.0,4.0,2.3461538461538463,2
test,4701,2,3,5.5,5.5,5.5,3.5,4
test,4713,2,3,6.75,6.75,6.75,4.461538461538462,4
test,4716,2,2,3.75,3.75,3.75,2.1538461538461537,2
test,4719,2,5,7.25,7.25,7.25,4.846153846153847,5
test,4722,2,2,5.5,5.5,5.5,3.5,4
test,4723,2,4,6.75,6.75,6.75,4.461538461538462,4
test,4725,2,4,6.75,6.75,6.75,4.461538461538462,4
test,4735,2,2,4.75,4.75,4.75,2.9230769230769234,3
test,4744,2,2,4.75,4.75,4.75,2.9230769230769234,3
test,4752,2,4,7.0,7.0,7.0,4.653846153846153,5
test,4763,2,3,4.0,4.0,4.0,2.3461538461538463,2
test,5984,3,1,2.5,2.5,2.5,0.3,0
test,5992,3,1,7.25,7.25,7.25,2.2,2
test,5993,3,2,7.25,7.25,7.25,2.2,2
test,6004,3,1,0.75,0.75,1.75,0.0,0
test,6027,3,3,9.0,9.0,9.0,2.9,3
test,6036,3,2,5.5,5.5,5.5,1.5,2
test,6045,3,2,6.75,6.75,6.75,2.0,2
test,6049,3,1,4.25,4.25,4.25,1.0,1
test,6064,3,2,5.75,5.75,5.75,1.6,2
test,6066,3,1,6.5,6.5,6.5,1.9,2
test,6070,3,2,6.25,6.25,6.25,1.8,2
test,6084,3,3,8.75,8.75,8.75,2.8,3
test,6088,3,2,8.25,8.25,8.25,2.6,3
test,6104,3,1,1.5,1.5,1.75,0.0,0
test,6105,3,3,8.0,8.0,8.0,2.5,2
test,6113,3,3,7.75,7.75,7.75,2.4,2
test,6121,3,3,7.625,7.625,7.625,2.35,2
test,6130,3,1,5.25,5.25,5.25,1.4,1
test,6131,3,1,3.75,3.75,3.75,0.8,1
test,6147,3,2,5.75,5.75,5.75,1.6,2
test,6152,3,2,8.0,8.0,8.0,2.5,2
test,6158,3,3,7.25,7.25,7.25,2.2,2
test,6168,3,2,3.75,3.75,3.75,0.8,1
test,6172,3,2,8.0,8.0,8.0,2.5,2
test,6174,3,2,7.25,7.25,7.25,2.2,2
test,6190,3,2,8.0,8.0,8.0,2.5,2
test,6221,3,2,8.5,8.5,8.5,2.7,3
test,6223,3,3,7.25,7.25,7.25,2.2,2
test,6228,3,3,8.0,8.0,8.0,2.5,2
test,6239,3,2,8.25,8.25,8.25,2.6,3
test,6249,3,3,9.0,9.0,9.0,2.9,3
test,6250,3,3,6.75,6.75,6.75,2.0,2
test,6251,3,1,6.25,6.25,6.25,1.8,2
test,6257,3,1,3.75,3.75,3.75,0.8,1
test,6265,3,2,8.75,8.75,8.75,2.8,3
test,6266,3,1,4.25,4.25,4.25,1.0,1
test,6271,3,2,8.0,8.0,8.0,2.5,2
test,6285,3,2,7.25,7.25,7.25,2.2,2
test,6288,3,2,7.75,7.75,7.75,2.4,2
test,6309,3,1,4.5,4.5,4.5,1.1,1
test,6314,3,1,4.0,4.0,4.0,0.9,1
test,6325,3,2,7.75,7.75,7.75,2.4,2
test,6350,3,2,7.75,7.75,7.75,2.4,2
test,6363,3,3,8.0,8.0,8.0,2.5,2
test,6388,3,3,9.0,9.0,9.0,2.9,3
test,6395,3,2,6.0,6.0,6.0,1.7,2
test,6402,3,2,8.0,8.0,8.0,2.5,2
test,6406,3,2,6.25,6.25,6.25,1.8,2
test,6415,3,2,6.0,6.0,6.0,1.7,2
test,6417,3,3,8.0,8.0,8.0,2.5,2
test,6418,3,2,8.75,8.75,8.75,2.8,3
test,6419,3,3,8.5,8.5,8.5,2.7,3
test,6420,3,1,4.75,4.75,4.75,1.2,1
test,6438,3,1,2.0,2.0,2.0,0.1,0
test,6439,3,1,4.5,4.5,4.5,1.1,1
test,6472,3,3,9.0,9.0,9.0,2.9,3
test,6474,3,2,8.5,8.5,8.5,2.7,3
test,6476,3,3,5.0,5.0,5.0,1.3,1
test,6480,3,2,8.0,8.0,8.0,2.5,2
test,6486,3,2,7.5,7.5,7.5,2.3,2
test,6487,3,3,9.0,9.0,9.0,2.9,3
test,6488,3,1,9.25,9.25,9.25,3.0,3
test,6501,3,1,8.0,8.0,8.0,2.5,2
test,6517,3,1,8.25,8.25,8.25,2.6,3
test,6527,3,2,8.75,8.75,8.75,2.8,3
test,6528,3,2,7.5,7.5,7.5,2.3,2
test,6541,3,2,8.25,8.25,8.25,2.6,3
test,6559,3,2,6.5,6.5,6.5,1.9,2
test,6563,3,3,8.5,8.5,8.5,2.7,3
test,6565,3,1,7.5,7.5,7.5,2.3,2
test,6580,3,2,8.25,8.25,8.25,2.6,3
test,6582,3,2,7.25,7.25,7.25,2.2,2
test,6583,3,2,6.25,6.25,6.25,1.8,2
test,6595,3,1,7.0,7.0,7.0,2.1,2
test,6626,3,2,8.75,8.75,8.75,2.8,3
test,6634,3,1,3.75,3.75,3.75,0.8,1
test,6641,3,1,4.25,4.25,4.25,1.0,1
test,6664,3,2,7.75,7.75,7.75,2.4,2
test,6683,3,1,8.0,8.0,8.0,2.5,2
test,6689,3,1,6.25,6.25,6.25,1.8,2
test,6691,3,1,6.5,6.5,6.5,1.9,2
test,6697,3,2,9.0,9.0,9.0,2.9,3
test,6703,3,1,7.0,7.0,7.0,2.1,2
test,6719,3,1,5.0,5.0,5.0,1.3,1
test,6726,3,3,8.25,8.25,8.25,2.6,3
test,6737,3,1,7.25,7.25,7.25,2.2,2
test,6766,3,1,6.75,6.75,6.75,2.0,2
test,6767,3,2,7.0,7.0,7.0,2.1,2
test,6779,3,3,7.5,7.5,7.5,2.3,2
test,6797,3,2,8.5,8.5,8.5,2.7,3
test,6805,3,3,7.25,7.25,7.25,2.2,2
test,6823,3,1,3.5,3.5,3.5,0.7,1
test,6849,3,3,8.5,8.5,8.5,2.7,3
test,6852,3,3,8.75,8.75,8.75,2.8,3
test,6862,3,2,6.75,6.75,6.75,2.0,2
test,6920,3,2,8.25,8.25,8.25,2.6,3
test,6936,3,2,7.25,7.25,7.25,2.2,2
test,6938,3,2,8.75,8.75,8.75,2.8,3
test,6948,3,1,3.5,3.5,3.5,0.7,1
test,6960,3,2,7.0,7.0,7.0,2.1,2
test,6964,3,2,8.0,8.0,8.0,2.5,2
test,6973,3,1,5.75,5.75,5.75,1.6,2
test,6976,3,1,2.75,2.75,2.75,0.4,0
test,7006,3,1,5.75,5.75,5.75,1.6,2
test,7008,3,1,8.0,8.0,8.0,2.5,2
test,7024,3,0,1.0,1.0,1.75,0.0,0
test,7033,3,3,8.75,8.75,8.75,2.8,3
test,7036,3,3,6.5,6.5,6.5,1.9,2
test,7051,3,1,6.5,6.5,6.5,1.9,2
test,7058,3,1,4.25,4.25,4.25,1.0,1
test,7061,3,2,8.5,8.5,8.5,2.7,3
test,7062,3,1,4.0,4.0,4.0,0.9,1
test,7084,3,1,6.75,6.75,6.75,2.0,2
test,7093,3,1,4.25,4.25,4.25,1.0,1
test,7099,3,2,8.0,8.0,8.0,2.5,2
test,7107,3,3,9.0,9.0,9.0,2.9,3
test,7110,3,2,8.75,8.75,8.75,2.8,3
test,7112,3,1,6.25,6.25,6.25,1.8,2
test,7113,3,2,8.0,8.0,8.0,2.5,2
test,7122,3,2,8.0,8.0,8.0,2.5,2
test,7134,3,1,7.0,7.0,7.0,2.1,2
test,7143,3,2,3.5,3.5,3.5,0.7,1
test,7150,3,1,3.25,3.25,3.25,0.6,1
test,7158,3,2,7.75,7.75,7.75,2.4,2
test,7170,3,1,4.5,4.5,4.5,1.1,1
test,7190,3,1,8.0,8.0,8.0,2.5,2
test,7192,3,0,1.5,1.5,1.75,0.0,0
test,7193,3,1,5.5,5.5,5.5,1.5,2
test,7196,3,2,6.25,6.25,6.25,1.8,2
test,7204,3,3,8.25,8.25,8.25,2.6,3
test,7221,3,1,3.25,3.25,3.25,0.6,1
test,7227,3,1,5.0,5.0,5.0,1.3,1
test,7256,3,3,8.0,8.0,8.0,2.5,2
test,7264,3,1,8.25,8.25,8.25,2.6,3
test,7277,3,2,7.75,7.75,7.75,2.4,2
test,7278,3,2,7.75,7.75,7.75,2.4,2
test,7279,3,1,5.25,5.25,5.25,1.4,1
test,7288,3,1,8.25,8.25,8.25,2.6,3
test,7303,3,2,8.5,8.5,8.5,2.7,3
test,7310,3,2,8.25,8.25,8.25,2.6,3
test,7324,3,1,5.0,5.0,5.0,1.3,1
test,7329,3,1,3.0,3.0,3.0,0.5,0
test,7335,3,3,8.5,8.5,8.5,2.7,3
test,7339,3,2,6.25,6.25,6.25,1.8,2
test,7349,3,1,9.0,9.0,9.0,2.9,3
test,7387,3,3,7.0,7.0,7.0,2.1,2
test,7411,3,1,4.25,4.25,4.25,1.0,1
test,7413,3,3,8.0,8.0,8.0,2.5,2
test,7451,3,1,2.25,2.25,2.25,0.2,0
test,7463,3,2,7.25,7.25,7.25,2.2,2
test,7467,3,3,8.5,8.5,8.5,2.7,3
test,7475,3,2,8.0,8.0,8.0,2.5,2
test,7488,3,1,5.5,5.5,5.5,1.5,2
test,7492,3,2,5.5,5.5,5.5,1.5,2
test,7502,3,3,9.0,9.0,9.0,2.9,3
test,7528,3,3,8.0,8.0,8.0,2.5,2
test,7530,3,2,7.5,7.5,7.5,2.3,2
test,7541,3,2,8.75,8.75,8.75,2.8,3
test,7547,3,3,7.25,7.25,7.25,2.2,2
test,7562,3,2,8.25,8.25,8.25,2.6,3
test,7582,3,2,7.5,7.5,7.5,2.3,2
test,7592,3,1,6.25,6.25,6.25,1.8,2
test,7593,3,1,3.25,3.25,3.25,0.6,1
test,7611,3,1,6.5,6.5,6.5,1.9,2
test,7619,3,1,8.75,8.75,8.75,2.8,3
test,7629,3,1,3.5,3.5,3.5,0.7,1
test,7631,3,1,4.0,4.0,4.0,0.9,1
test,7648,3,0,2.75,2.75,2.75,0.4,0
test,7668,3,1,8.0,8.0,8.0,2.5,2
test,7669,3,3,7.75,7.75,7.75,2.4,2
test,7674,3,2,7.75,7.75,7.75,2.4,2
test,7685,3,3,7.75,7.75,7.75,2.4,2
test,7698,3,2,7.0,7.0,7.0,2.1,2
test,8864,4,0,2.0,2.0,2.0,0.6666666666666666,1
test,8865,4,3,8.75,8.75,8.75,2.9166666666666665,3
test,8879,4,2,6.0,6.0,6.0,2.0,2
test,8889,4,1,6.5,6.5,6.5,2.1666666666666665,2
test,8905,4,2,7.5,7.5,7.5,2.5,2
test,8906,4,2,8.0,8.0,8.0,2.6666666666666665,3
test,8920,4,0,3.25,3.25,3.25,1.0833333333333333,1
test,8922,4,2,8.5,8.5,8.5,2.8333333333333335,3
test,8941,4,3,7.75,7.75,7.75,2.5833333333333335,3
test,8968,4,2,7.25,7.25,7.25,2.4166666666666665,2
test,8982,4,1,3.75,3.75,3.75,1.25,1
test,8984,4,1,3.5,3.5,3.5,1.1666666666666667,1
test,8999,4,1,5.25,5.25,5.25,1.75,2
test,9013,4,1,4.25,4.25,4.25,1.4166666666666667,1
test,9020,4,0,3.0,3.0,3.0,1.0,1
test,9026,4,2,5.5,5.5,5.5,1.8333333333333333,2
test,9041,4,0,3.0,3.0,3.0,1.0,1
test,9065,4,1,1.75,1.75,1.75,0.5833333333333334,1
test,9070,4,1,2.25,2.25,2.25,0.75,1
test,9083,4,2,8.25,8.25,8.25,2.75,3
test,9084,4,2,6.0,6.0,6.0,2.0,2
test,9086,4,1,1.75,1.75,1.75,0.5833333333333334,1
test,9108,4,0,3.5,3.5,3.5,1.1666666666666667,1
test,9109,4,0,3.75,3.75,3.75,1.25,1
test,9118,4,2,8.0,8.0,8.0,2.6666666666666665,3
test,9121,4,2,6.75,6.75,6.75,2.25,2
test,9128,4,1,6.25,6.25,6.25,2.0833333333333335,2
test,9130,4,0,3.0,3.0,3.0,1.0,1
test,9134,4,3,8.5,8.5,8.5,2.8333333333333335,3
test,9140,4,0,5.75,5.75,5.75,1.9166666666666667,2
test,9164,4,3,8.0,8.0,8.0,2.6666666666666665,3
test,9169,4,0,3.25,3.25,3.25,1.0833333333333333,1
test,9177,4,1,6.5,6.5,6.5,2.1666666666666665,2
test,9195,4,1,5.75,5.75,5.75,1.9166666666666667,2
test,9197,4,1,4.25,4.25,4.25,1.4166666666666667,1
test,9198,4,2,6.5,6.5,6.5,2.1666666666666665,2
test,9203,4,0,2.25,2.25,2.25,0.75,1
test,9204,4,2,6.5,6.5,6.5,2.1666666666666665,2
test,9210,4,1,5.75,5.75,5.75,1.9166666666666667,2
test,9212,4,2,7.5,7.5,7.5,2.5,2
test,9217,4,3,7.75,7.75,7.75,2.5833333333333335,3
test,9221,4,1,3.5,3.5,3.5,1.1666666666666667,1
test,9226,4,0,2.0,2.0,2.0,0.6666666666666666,1
test,9231,4,1,2.25,2.25,2.25,0.75,1
test,9237,4,2,8.5,8.5,8.5,2.8333333333333335,3
test,9243,4,2,4.75,4.75,4.75,1.5833333333333333,2
test,9249,4,2,7.25,7.25,7.25,2.4166666666666665,2
test,9265,4,1,3.0,3.0,3.0,1.0,1
test,9269,4,2,8.5,8.5,8.5,2.8333333333333335,3
test,9277,4,2,7.5,7.5,7.5,2.5,2
test,9282,4,2,8.5,8.5,8.5,2.8333333333333335,3
test,9288,4,3,9.0,9.0,9.0,3.0,3
test,9292,4,3,8.5,8.5,8.5,2.8333333333333335,3
test,9293,4,0,8.5,8.5,8.5,2.8333333333333335,3
test,9297,4,1,5.0,5.0,5.0,1.6666666666666667,2
test,9300,4,1,3.0,3.0,3.0,1.0,1
test,9305,4,0,5.0,5.0,5.0,1.6666666666666667,2
test,9314,4,0,3.5,3.5,3.5,1.1666666666666667,1
test,9327,4,3,8.5,8.5,8.5,2.8333333333333335,3
test,9337,4,1,3.75,3.75,3.75,1.25,1
test,9352,4,2,7.0,7.0,7.0,2.3333333333333335,2
test,9355,4,1,3.75,3.75,3.75,1.25,1
test,9358,4,0,6.0,6.0,6.0,2.0,2
test,9372,4,1,3.75,3.75,3.75,1.25,1
test,9389,4,3,7.75,7.75,7.75,2.5833333333333335,3
test,9402,4,3,9.0,9.0,9.0,3.0,3
test,9411,4,0,3.5,3.5,3.5,1.1666666666666667,1
test,9428,4,2,8.5,8.5,8.5,2.8333333333333335,3
test,9431,4,1,6.5,6.5,6.5,2.1666666666666665,2
test,9440,4,1,7.0,7.0,7.0,2.3333333333333335,2
test,9456,4,0,3.0,3.0,3.0,1.0,1
test,9459,4,2,9.0,9.0,9.0,3.0,3
test,9475,4,0,4.0,4.0,4.0,1.3333333333333333,1
test,9498,4,0,3.75,3.75,3.75,1.25,1
test,9502,4,1,4.0,4.0,4.0,1.3333333333333333,1
test,9513,4,3,9.0,9.0,9.0,3.0,3
test,9536,4,0,4.5,4.5,4.5,1.5,2
test,9558,4,3,7.75,7.75,7.75,2.5833333333333335,3
test,9571,4,3,8.0,8.0,8.0,2.6666666666666665,3
test,9608,4,3,7.75,7.75,7.75,2.5833333333333335,3
test,9610,4,2,8.5,8.5,8.5,2.8333333333333335,3
test,9624,4,3,8.5,8.5,8.5,2.8333333333333335,3
test,9627,4,2,7.25,7.25,7.25,2.4166666666666665,2
test,9645,4,2,8.25,8.25,8.25,2.75,3
test,9657,4,1,1.75,1.75,1.75,0.5833333333333334,1
test,9663,4,2,6.5,6.5,6.5,2.1666666666666665,2
test,9671,4,2,8.75,8.75,8.75,2.9166666666666665,3
test,9692,4,1,3.5,3.5,3.5,1.1666666666666667,1
test,9707,4,2,8.25,8.25,8.25,2.75,3
test,9710,4,2,5.25,5.25,5.25,1.75,2
test,9725,4,1,4.25,4.25,4.25,1.4166666666666667,1
test,9733,4,2,8.75,8.75,8.75,2.9166666666666665,3
test,9741,4,3,8.5,8.5,8.5,2.8333333333333335,3
test,9742,4,1,5.25,5.25,5.25,1.75,2
test,9749,4,1,3.25,3.25,3.25,1.0833333333333333,1
test,9757,4,1,2.0,2.0,2.0,0.6666666666666666,1
test,9786,4,1,7.0,7.0,7.0,2.3333333333333335,2
test,9798,4,2,8.5,8.5,8.5,2.8333333333333335,3
test,9816,4,2,9.0,9.0,9.0,3.0,3
test,9819,4,2,6.75,6.75,6.75,2.25,2
test,9824,4,2,7.5,7.5,7.5,2.5,2
test,9831,4,2,7.0,7.0,7.0,2.3333333333333335,2
test,9833,4,3,8.75,8.75,8.75,2.9166666666666665,3
test,9836,4,2,7.75,7.75,7.75,2.5833333333333335,3
test,9852,4,2,7.5,7.5,7.5,2.5,2
test,9870,4,3,0.0,0.0,0.0,0.0,0
test,9871,4,0,1.75,1.75,1.75,0.5833333333333334,1
test,9876,4,1,5.0,5.0,5.0,1.6666666666666667,2
test,9913,4,0,2.75,2.75,2.75,0.9166666666666666,1
test,9918,4,1,3.5,3.5,3.5,1.1666666666666667,1
test,9919,4,3,8.0,8.0,8.0,2.6666666666666665,3
test,9925,4,2,7.25,7.25,7.25,2.4166666666666665,2
test,9927,4,3,6.25,6.25,6.25,2.0833333333333335,2
test,9931,4,1,3.5,3.5,3.5,1.1666666666666667,1
test,9937,4,3,8.25,8.25,8.25,2.75,3
test,9941,4,1,3.25,3.25,3.25,1.0833333333333333,1
test,9962,4,2,6.25,6.25,6.25,2.0833333333333335,2
test,10003,4,2,6.0,6.0,6.0,2.0,2
test,10036,4,1,5.25,5.25,5.25,1.75,2
test,10038,4,1,2.25,2.25,2.25,0.75,1
test,10047,4,2,6.75,6.75,6.75,2.25,2
test,10048,4,2,5.5,5.5,5.5,1.8333333333333333,2
test,10057,4,3,1.25,1.25,1.25,0.4166666666666667,0
test,10072,4,2,8.25,8.25,8.25,2.75,3
test,10117,4,1,3.0,3.0,3.0,1.0,1
test,10124,4,1,7.25,7.25,7.25,2.4166666666666665,2
test,10143,4,1,6.75,6.75,6.75,2.25,2
test,10151,4,2,6.0,6.0,6.0,2.0,2
test,10161,4,1,3.75,3.75,3.75,1.25,1
test,10162,4,2,8.0,8.0,8.0,2.6666666666666665,3
test,10164,4,0,5.75,5.75,5.75,1.9166666666666667,2
test,10173,4,2,4.75,4.75,4.75,1.5833333333333333,2
test,10178,4,2,6.25,6.25,6.25,2.0833333333333335,2
test,10192,4,1,6.75,6.75,6.75,2.25,2
test,10194,4,1,9.0,9.0,9.0,3.0,3
test,10212,4,1,3.75,3.75,3.75,1.25,1
test,10232,4,0,3.75,3.75,3.75,1.25,1
test,10239,4,2,8.25,8.25,8.25,2.75,3
test,10243,4,3,8.5,8.5,8.5,2.8333333333333335,3
test,10253,4,1,5.25,5.25,5.25,1.75,2
test,10267,4,2,7.75,7.75,7.75,2.5833333333333335,3
test,10278,4,2,8.75,8.75,8.75,2.9166666666666665,3
test,10284,4,3,8.5,8.5,8.5,2.8333333333333335,3
test,10300,4,1,3.5,3.5,3.5,1.1666666666666667,1
test,10303,4,2,8.75,8.75,8.75,2.9166666666666665,3
test,10307,4,2,6.0,6.0,6.0,2.0,2
test,10321,4,3,6.5,6.5,6.5,2.1666666666666665,2
test,10335,4,2,6.5,6.5,6.5,2.1666666666666665,2
test,10346,4,1,7.75,7.75,7.75,2.5833333333333335,3
test,10377,4,2,8.0,8.0,8.0,2.6666666666666665,3
test,10387,4,2,9.0,9.0,9.0,3.0,3
test,10431,4,1,3.0,3.0,3.0,1.0,1
test,10433,4,0,2.25,2.25,2.25,0.75,1
test,10438,4,0,1.0,1.0,1.0,0.3333333333333333,0
test,10439,4,1,5.0,5.0,5.0,1.6666666666666667,2
test,10443,4,1,4.75,4.75,4.75,1.5833333333333333,2
test,10444,4,2,8.5,8.5,8.5,2.8333333333333335,3
test,10448,4,1,5.25,5.25,5.25,1.75,2
test,10452,4,2,6.5,6.5,6.5,2.1666666666666665,2
test,10455,4,2,8.25,8.25,8.25,2.75,3
test,10460,4,0,4.5,4.5,4.5,1.5,2
test,10463,4,1,4.75,4.75,4.75,1.5833333333333333,2
test,10468,4,1,2.25,2.25,2.25,0.75,1
test,10495,4,1,5.25,5.25,5.25,1.75,2
test,10497,4,3,8.5,8.5,8.5,2.8333333333333335,3
test,10504,4,3,7.0,7.0,7.0,2.3333333333333335,2
test,10512,4,1,7.0,7.0,7.0,2.3333333333333335,2
test,10529,4,2,7.5,7.5,7.5,2.5,2
test,10552,4,1,0.25,0.25,0.25,0.08333333333333333,0
test,10567,4,0,6.5,6.5,6.5,2.1666666666666665,2
test,10573,4,2,3.875,3.875,3.875,1.2916666666666667,1
test,10584,4,1,3.25,3.25,3.25,1.0833333333333333,1
test,10591,4,1,8.0,8.0,8.0,2.6666666666666665,3
test,10599,4,3,7.75,7.75,7.75,2.5833333333333335,3
test,10615,4,2,7.25,7.25,7.25,2.4166666666666665,2
test,10616,4,2,6.0,6.0,6.0,2.0,2
test,10631,4,2,3.5,3.5,3.5,1.1666666666666667,1
test,11844,5,3,9.0,9.0,9.0,3.8704453441295548,4
test,11855,5,3,9.0,9.0,9.0,3.8704453441295548,4
test,11860,5,3,8.75,8.75,8.75,3.7408906882591095,4
test,11861,5,3,5.75,5.75,5.75,2.1862348178137654,2
test,11869,5,3,6.0,6.0,6.0,2.3157894736842106,2
test,11873,5,3,8.0,8.0,8.0,3.3522267206477734,3
test,11875,5,3,8.25,8.25,8.25,3.4817813765182186,3
test,11878,5,3,9.0,9.0,9.0,3.8704453441295548,4
test,11897,5,3,7.75,7.75,7.75,3.222672064777328,3
test,11920,5,3,6.25,6.25,6.25,2.445344129554656,2
test,11923,5,2,5.75,5.75,5.75,2.1862348178137654,2
test,11940,5,2,6.75,6.75,6.75,2.7044534412955468,3
test,11944,5,2,8.0,8.0,8.0,3.3522267206477734,3
test,11947,5,2,8.0,8.0,8.0,3.3522267206477734,3
test,11964,5,3,7.5,7.5,7.5,3.0931174089068825,3
test,11976,5,1,3.0,3.0,3.0,0.7611336032388664,1
test,12026,5,2,8.75,8.75,8.75,3.7408906882591095,4
test,12028,5,4,9.0,9.0,9.0,3.8704453441295548,4
test,12030,5,3,7.5,7.5,7.5,3.0931174089068825,3
test,12042,5,3,6.25,6.25,6.25,2.445344129554656,2
test,12051,5,2,7.25,7.25,7.25,2.9635627530364372,3
test,12059,5,2,7.0,7.0,7.0,2.834008097165992,3
test,12071,5,3,9.25,9.25,9.25,4.0,4
test,12072,5,4,9.0,9.0,9.0,3.8704453441295548,4
test,12073,5,2,4.75,4.75,4.75,1.6680161943319838,2
test,12075,5,3,8.75,8.75,8.75,3.7408906882591095,4
test,12077,5,3,4.5,4.5,4.5,1.5384615384615385,2
test,12083,5,1,3.5,3.5,3.5,1.0202429149797572,1
test,12095,5,1,6.5,6.5,6.5,2.574898785425101,3
test,12105,5,3,9.0,9.0,9.0,3.8704453441295548,4
test,12108,5,3,5.0,5.0,5.0,1.7975708502024292,2
test,12120,5,3,8.75,8.75,8.75,3.7408906882591095,4
test,12125,5,4,8.5,8.5,8.5,3.611336032388664,4
test,12132,5,3,8.25,8.25,8.25,3.4817813765182186,3
test,12149,5,1,7.25,7.25,7.25,2.9635627530364372,3
test,12154,5,4,8.5,8.5,8.5,3.611336032388664,4
test,12155,5,3,8.75,8.75,8.75,3.7408906882591095,4
test,12158,5,3,6.75,6.75,6.75,2.7044534412955468,3
test,12171,5,2,6.75,6.75,6.75,2.7044534412955468,3
test,12178,5,2,5.75,5.75,5.75,2.1862348178137654,2
test,12190,5,1,8.5,8.5,8.5,3.611336032388664,4
test,12213,5,4,8.25,8.25,8.25,3.4817813765182186,3
test,12221,5,3,7.5,7.5,7.5,3.0931174089068825,3
test,12233,5,3,8.5,8.5,8.5,3.611336032388664,4
test,12234,5,1,4.25,4.25,4.25,1.408906882591093,1
test,12246,5,2,7.25,7.25,7.25,2.9635627530364372,3
test,12283,5,2,4.5,4.5,4.5,1.5384615384615385,2
test,12296,5,4,9.25,9.25,9.25,4.0,4
test,12299,5,4,8.25,8.25,8.25,3.4817813765182186,3
test,12301,5,1,6.0,6.0,6.0,2.3157894736842106,2
test,12308,5,2,4.25,4.25,4.25,1.408906882591093,1
test,12314,5,2,6.25,6.25,6.25,2.445344129554656,2
test,12321,5,3,9.0,9.0,9.0,3.8704453441295548,4
test,12322,5,1,3.75,3.75,3.75,1.1497975708502024,1
test,12324,5,3,7.5,7.5,7.5,3.0931174089068825,3
test,12329,5,2,8.0,8.0,8.0,3.3522267206477734,3
test,12332,5,1,4.25,4.25,4.25,1.408906882591093,1
test,12334,5,3,9.0,9.0,9.0,3.8704453441295548,4
test,12355,5,4,9.25,9.25,9.25,4.0,4
test,12357,5,3,8.5,8.5,8.5,3.611336032388664,4
test,12367,5,4,8.5,8.5,8.5,3.611336032388664,4
test,12371,5,3,8.0,8.0,8.0,3.3522267206477734,3
test,12376,5,3,8.25,8.25,8.25,3.4817813765182186,3
test,12377,5,2,5.0,5.0,5.0,1.7975708502024292,2
test,12382,5,2,4.5,4.5,4.5,1.5384615384615385,2
test,12387,5,4,7.0,7.0,7.0,2.834008097165992,3
test,12400,5,2,6.5,6.5,6.5,2.574898785425101,3
test,12407,5,2,8.25,8.25,8.25,3.4817813765182186,3
test,12409,5,2,3.75,3.75,3.75,1.1497975708502024,1
test,12412,5,2,8.5,8.5,8.5,3.611336032388664,4
test,12413,5,2,8.75,8.75,8.75,3.7408906882591095,4
test,12422,5,4,8.5,8.5,8.5,3.611336032388664,4
test,12437,5,2,4.0,4.0,4.0,1.2793522267206479,1
test,12463,5,2,4.5,4.5,4.5,1.5384615384615385,2
test,12483,5,3,9.0,9.0,9.0,3.8704453441295548,4
test,12498,5,4,9.25,9.25,9.25,4.0,4
test,12504,5,2,8.0,8.0,8.0,3.3522267206477734,3
test,12512,5,3,8.5,8.5,8.5,3.611336032388664,4
test,12516,5,4,9.0,9.0,9.0,3.8704453441295548,4
test,12522,5,3,8.75,8.75,8.75,3.7408906882591095,4
test,12540,5,2,5.5,5.5,5.5,2.0566801619433197,2
test,12547,5,1,9.0,9.0,9.0,3.8704453441295548,4
test,12553,5,4,8.75,8.75,8.75,3.7408906882591095,4
test,12557,5,3,6.75,6.75,6.75,2.7044534412955468,3
test,12562,5,1,4.0,4.0,4.0,1.2793522267206479,1
test,12566,5,1,3.75,3.75,3.75,1.1497975708502024,1
test,12582,5,2,5.25,5.25,5.25,1.9271255060728745,2
test,12586,5,2,8.5,8.5,8.5,3.611336032388664,4
test,12599,5,2,8.25,8.25,8.25,3.4817813765182186,3
test,12612,5,3,8.5,8.5,8.5,3.611336032388664,4
test,12614,5,2,8.5,8.5,8.5,3.611336032388664,4
test,12660,5,3,8.0,8.0,8.0,3.3522267206477734,3
test,12680,5,3,5.5,5.5,5.5,2.0566801619433197,2
test,12685,5,2,8.75,8.75,8.75,3.7408906882591095,4
test,12698,5,3,5.75,5.75,5.75,2.1862348178137654,2
test,12700,5,4,8.75,8.75,8.75,3.7408906882591095,4
test,12707,5,2,4.25,4.25,4.25,1.408906882591093,1
test,12711,5,2,3.0,3.0,3.0,0.7611336032388664,1
test,12731,5,1,6.25,6.25,6.25,2.445344129554656,2
test,12756,5,2,3.0,3.0,3.0,0.7611336032388664,1
test,12760,5,3,7.75,7.75,7.75,3.222672064777328,3
test,12766,5,3,9.0,9.0,9.0,3.8704453441295548,4
test,12777,5,3,5.25,5.25,5.25,1.9271255060728745,2
test,12795,5,1,4.5,4.5,4.5,1.5384615384615385,2
test,12804,5,2,3.5,3.5,3.5,1.0202429149797572,1
test,12806,5,4,8.75,8.75,8.75,3.7408906882591095,4
test,12807,5,4,8.75,8.75,8.75,3.7408906882591095,4
test,12808,5,1,6.25,6.25,6.25,2.445344129554656,2
test,12813,5,3,7.5,7.5,7.5,3.0931174089068825,3
test,12815,5,2,3.5,3.5,3.5,1.0202429149797572,1
test,12816,5,2,8.75,8.75,8.75,3.7408906882591095,4
test,12820,5,1,4.25,4.25,4.25,1.408906882591093,1
test,12822,5,4,8.75,8.75,8.75,3.7408906882591095,4
test,12827,5,2,7.75,7.75,7.75,3.222672064777328,3
test,12845,5,0,2.75,2.75,2.75,0.631578947368421,1
test,12847,5,3,8.5,8.5,8.5,3.611336032388664,4
test,12850,5,2,8.75,8.75,8.75,3.7408906882591095,4
test,12852,5,3,7.5,7.5,7.5,3.0931174089068825,3
test,12855,5,3,8.0,8.0,8.0,3.3522267206477734,3
test,12863,5,4,9.0,9.0,9.0,3.8704453441295548,4
test,12874,5,3,7.25,7.25,7.25,2.9635627530364372,3
test,12875,5,2,5.75,5.75,5.75,2.1862348178137654,2
test,12923,5,2,7.0,7.0,7.0,2.834008097165992,3
test,12924,5,4,8.25,8.25,8.25,3.4817813765182186,3
test,12955,5,2,7.75,7.75,7.75,3.222672064777328,3
test,12961,5,3,8.0,8.0,8.0,3.3522267206477734,3
test,12972,5,4,9.25,9.25,9.25,4.0,4
test,12973,5,3,8.25,8.25,8.25,3.4817813765182186,3
test,12985,5,4,9.25,9.25,9.25,4.0,4
test,12990,5,3,8.75,8.75,8.75,3.7408906882591095,4
test,12999,5,2,8.5,8.5,8.5,3.611336032388664,4
test,13020,5,3,7.75,7.75,7.75,3.222672064777328,3
test,13035,5,3,8.0,8.0,8.0,3.3522267206477734,3
test,13058,5,2,5.25,5.25,5.25,1.9271255060728745,2
test,13064,5,2,8.5,8.5,8.5,3.611336032388664,4
test,13073,5,3,6.0,6.0,6.0,2.3157894736842106,2
test,13076,5,2,8.75,8.75,8.75,3.7408906882591095,4
test,13079,5,4,9.25,9.25,9.25,4.0,4
test,13087,5,2,8.25,8.25,8.25,3.4817813765182186,3
test,13089,5,3,5.75,5.75,5.75,2.1862348178137654,2
test,13092,5,1,3.5,3.5,3.5,1.0202429149797572,1
test,13093,5,4,9.0,9.0,9.0,3.8704453441295548,4
test,13094,5,2,3.0,3.0,3.0,0.7611336032388664,1
test,13111,5,2,8.5,8.5,8.5,3.611336032388664,4
test,13121,5,4,8.75,8.75,8.75,3.7408906882591095,4
test,13133,5,2,8.75,8.75,8.75,3.7408906882591095,4
test,13149,5,3,6.75,6.75,6.75,2.7044534412955468,3
test,13175,5,3,9.25,9.25,9.25,4.0,4
test,13187,5,4,8.25,8.25,8.25,3.4817813765182186,3
test,13193,5,2,8.5,8.5,8.5,3.611336032388664,4
test,13206,5,4,7.25,7.25,7.25,2.9635627530364372,3
test,13207,5,3,8.5,8.5,8.5,3.611336032388664,4
test,13214,5,0,3.0,3.0,3.0,0.7611336032388664,1
test,13226,5,3,5.25,5.25,5.25,1.9271255060728745,2
test,13260,5,4,8.25,8.25,8.25,3.4817813765182186,3
test,13275,5,3,6.75,6.75,6.75,2.7044534412955468,3
test,13283,5,2,4.75,4.75,4.75,1.6680161943319838,2
test,13309,5,2,4.75,4.75,4.75,1.6680161943319838,2
test,13312,5,2,8.25,8.25,8.25,3.4817813765182186,3
test,13322,5,2,8.5,8.5,8.5,3.611336032388664,4
test,13339,5,3,8.0,8.0,8.0,3.3522267206477734,3
test,13362,5,2,7.5,7.5,7.5,3.0931174089068825,3
test,13364,5,3,7.75,7.75,7.75,3.222672064777328,3
test,13379,5,1,4.0,4.0,4.0,1.2793522267206479,1
test,13389,5,4,9.0,9.0,9.0,3.8704453441295548,4
test,13402,5,3,6.5,6.5,6.5,2.574898785425101,3
test,13403,5,3,8.25,8.25,8.25,3.4817813765182186,3
test,13404,5,2,8.75,8.75,8.75,3.7408906882591095,4
test,13451,5,2,4.5,4.5,4.5,1.5384615384615385,2
test,13468,5,0,1.5,1.5,1.53125,0.0,0
test,13485,5,3,8.5,8.5,8.5,3.611336032388664,4
test,13495,5,2,6.25,6.25,6.25,2.445344129554656,2
test,13525,5,3,7.75,7.75,7.75,3.222672064777328,3
test,13526,5,2,5.75,5.75,5.75,2.1862348178137654,2
test,13537,5,2,6.75,6.75,6.75,2.7044534412955468,3
test,13551,5,1,1.75,1.75,1.75,0.11336032388663968,0
test,13566,5,3,7.75,7.75,7.75,3.222672064777328,3
test,13572,5,2,8.75,8.75,8.75,3.7408906882591095,4
test,13580,5,3,8.75,8.75,8.75,3.7408906882591095,4
test,13583,5,3,7.75,7.75,7.75,3.222672064777328,3
test,14835,6,3,9.0,9.0,9.0,3.4285714285714284,3
test,14836,6,4,9.0,9.0,9.0,3.4285714285714284,3
test,14838,6,3,9.0,9.0,9.0,3.4285714285714284,3
test,14856,6,2,8.0,8.0,8.0,2.2857142857142856,2
test,14862,6,3,8.0,8.0,8.0,2.2857142857142856,2
test,14910,6,3,7.75,7.75,7.75,2.0,2
test,14915,6,3,8.5,8.5,8.5,2.857142857142857,3
test,14920,6,3,9.0,9.0,9.0,3.4285714285714284,3
test,14930,6,4,8.75,8.75,8.75,3.142857142857143,3
test,14933,6,4,8.25,8.25,8.25,2.5714285714285716,3
test,14944,6,4,9.0,9.0,9.0,3.4285714285714284,3
test,14950,6,3,7.5,7.5,7.5,1.7142857142857142,2
test,14956,6,4,9.25,9.25,9.25,3.7142857142857144,4
test,14963,6,4,8.5,8.5,8.5,2.857142857142857,3
test,14967,6,4,8.75,8.75,8.75,3.142857142857143,3
test,14968,6,3,8.25,8.25,8.25,2.5714285714285716,3
test,14979,6,1,3.75,3.75,6.0,0.0,0
test,15025,6,1,5.0,5.0,6.0,0.0,0
test,15029,6,4,8.5,8.5,8.5,2.857142857142857,3
test,15031,6,3,8.75,8.75,8.75,3.142857142857143,3
test,15040,6,2,5.5,5.5,6.0,0.0,0
test,15048,6,2,8.0,8.0,8.0,2.2857142857142856,2
test,15049,6,3,7.75,7.75,7.75,2.0,2
test,15103,6,4,7.75,7.75,7.75,2.0,2
test,15113,6,0,1.0,1.0,6.0,0.0,0
test,15114,6,2,7.75,7.75,7.75,2.0,2
test,15116,6,3,8.25,8.25,8.25,2.5714285714285716,3
test,15120,6,2,7.75,7.75,7.75,2.0,2
test,15158,6,4,8.75,8.75,8.75,3.142857142857143,3
test,15172,6,2,8.5,8.5,8.5,2.857142857142857,3
test,15177,6,1,6.75,6.75,6.75,0.8571428571428571,1
test,15186,6,4,8.5,8.5,8.5,2.857142857142857,3
test,15187,6,3,8.0,8.0,8.0,2.2857142857142856,2
test,15195,6,1,8.5,8.5,8.5,2.857142857142857,3
test,15198,6,3,8.0,8.0,8.0,2.2857142857142856,2
test,15216,6,3,9.0,9.0,9.0,3.4285714285714284,3
test,15221,6,2,8.25,8.25,8.25,2.5714285714285716,3
test,15225,6,4,8.0,8.0,8.0,2.2857142857142856,2
test,15232,6,1,9.0,9.0,9.0,3.4285714285714284,3
test,15235,6,2,8.5,8.5,8.5,2.857142857142857,3
test,15247,6,3,7.5,7.5,7.5,1.7142857142857142,2
test,15276,6,3,9.0,9.0,9.0,3.4285714285714284,3
test,15293,6,2,8.25,8.25,8.25,2.5714285714285716,3
test,15300,6,4,8.5,8.5,8.5,2.857142857142857,3
test,15310,6,3,8.0,8.0,8.0,2.2857142857142856,2
test,15312,6,3,8.25,8.25,8.25,2.5714285714285716,3
test,15319,6,1,3.0,3.0,6.0,0.0,0
test,15323,6,3,8.5,8.5,8.5,2.857142857142857,3
test,15349,6,3,8.25,8.25,8.25,2.5714285714285716,3
test,15351,6,3,8.75,8.75,8.75,3.142857142857143,3
test,15358,6,4,8.75,8.75,8.75,3.142857142857143,3
test,15360,6,3,9.0,9.0,9.0,3.4285714285714284,3
test,15388,6,3,6.75,6.75,6.75,0.8571428571428571,1
test,15395,6,3,7.75,7.75,7.75,2.0,2
test,15399,6,2,9.0,9.0,9.0,3.4285714285714284,3
test,15405,6,2,6.25,6.25,6.25,0.2857142857142857,0
test,15408,6,4,8.75,8.75,8.75,3.142857142857143,3
test,15421,6,3,8.25,8.25,8.25,2.5714285714285716,3
test,15424,6,2,7.75,7.75,7.75,2.0,2
test,15430,6,4,8.5,8.5,8.5,2.857142857142857,3
test,15432,6,2,8.25,8.25,8.25,2.5714285714285716,3
test,15441,6,1,5.75,5.75,6.0,0.0,0
test,15446,6,4,8.25,8.25,8.25,2.5714285714285716,3
test,15447,6,4,9.0,9.0,9.0,3.4285714285714284,3
test,15472,6,3,5.75,5.75,6.0,0.0,0
test,15476,6,4,9.0,9.0,9.0,3.4285714285714284,3
test,15480,6,2,8.75,8.75,8.75,3.142857142857143,3
test,15490,6,1,5.5,5.5,6.0,0.0,0
test,15503,6,2,9.0,9.0,9.0,3.4285714285714284,3
test,15521,6,4,8.5,8.5,8.5,2.857142857142857,3
test,15523,6,4,7.75,7.75,7.75,2.0,2
test,15529,6,3,6.25,6.25,6.25,0.2857142857142857,0
test,15545,6,3,8.5,8.5,8.5,2.857142857142857,3
test,15571,6,2,4.0,4.0,6.0,0.0,0
test,15583,6,3,7.75,7.75,7.75,2.0,2
test,15585,6,2,6.25,6.25,6.25,0.2857142857142857,0
test,15605,6,3,8.5,8.5,8.5,2.857142857142857,3
test,15617,6,4,8.0,8.0,8.0,2.2857142857142856,2
test,15619,6,3,9.0,9.0,9.0,3.4285714285714284,3
test,15629,6,3,8.75,8.75,8.75,3.142857142857143,3
test,15630,6,2,8.0,8.0,8.0,2.2857142857142856,2
test,15637,6,3,7.25,7.25,7.25,1.4285714285714286,1
test,15642,6,1,8.0,8.0,8.0,2.2857142857142856,2
test,15643,6,3,8.25,8.25,8.25,2.5714285714285716,3
test,15644,6,3,8.75,8.75,8.75,3.142857142857143,3
test,15645,6,3,8.5,8.5,8.5,2.857142857142857,3
test,15650,6,3,8.0,8.0,8.0,2.2857142857142856,2
test,15656,6,3,6.5,6.5,6.5,0.5714285714285714,1
test,15661,6,1,5.0,5.0,6.0,0.0,0
test,15662,6,1,5.75,5.75,6.0,0.0,0
test,15668,6,1,5.0,5.0,6.0,0.0,0
test,15671,6,4,9.0,9.0,9.0,3.4285714285714284,3
test,15672,6,2,5.25,5.25,6.0,0.0,0
test,15706,6,4,8.75,8.75,8.75,3.142857142857143,3
test,15719,6,2,8.0,8.0,8.0,2.2857142857142856,2
test,15724,6,3,7.25,7.25,7.25,1.4285714285714286,1
test,15737,6,3,7.75,7.75,7.75,2.0,2
test,15744,6,3,7.5,7.5,7.5,1.7142857142857142,2
test,15745,6,2,7.75,7.75,7.75,2.0,2
test,15750,6,1,5.75,5.75,6.0,0.0,0
test,15769,6,1,7.5,7.5,7.5,1.7142857142857142,2
test,15774,6,3,8.75,8.75,8.75,3.142857142857143,3
test,15779,6,3,9.5,9.5,9.5,4.0,4
test,15795,6,3,8.25,8.25,8.25,2.5714285714285716,3
test,15802,6,3,8.0,8.0,8.0,2.2857142857142856,2
test,15821,6,3,7.75,7.75,7.75,2.0,2
test,15847,6,2,6.75,6.75,6.75,0.8571428571428571,1
test,15855,6,4,8.75,8.75,8.75,3.142857142857143,3
test,15867,6,2,8.75,8.75,8.75,3.142857142857143,3
test,15882,6,2,8.5,8.5,8.5,2.857142857142857,3
test,15911,6,1,3.0,3.0,6.0,0.0,0
test,15929,6,1,8.0,8.0,8.0,2.2857142857142856,2
test,15947,6,1,5.75,5.75,6.0,0.0,0
test,15963,6,3,8.5,8.5,8.5,2.857142857142857,3
test,15967,6,2,8.25,8.25,8.25,2.5714285714285716,3
test,15968,6,2,9.25,9.25,9.25,3.7142857142857144,4
test,15973,6,3,5.5,5.5,6.0,0.0,0
test,15977,6,3,8.0,8.0,8.0,2.2857142857142856,2
test,15980,6,3,8.0,8.0,8.0,2.2857142857142856,2
test,15985,6,1,6.5,6.5,6.5,0.5714285714285714,1
test,15986,6,2,7.25,7.25,7.25,1.4285714285714286,1
test,15989,6,1,7.75,7.75,7.75,2.0,2
test,16027,6,3,8.25,8.25,8.25,2.5714285714285716,3
test,16030,6,0,3.25,3.25,6.0,0.0,0
test,16039,6,3,8.0,8.0,8.0,2.2857142857142856,2
test,16051,6,4,8.5,8.5,8.5,2.857142857142857,3
test,16071,6,3,8.75,8.75,8.75,3.142857142857143,3
test,16076,6,3,7.5,7.5,7.5,1.7142857142857142,2
test,16091,6,3,8.5,8.5,8.5,2.857142857142857,3
test,16097,6,3,7.5,7.5,7.5,1.7142857142857142,2
test,16104,6,4,8.75,8.75,8.75,3.142857142857143,3
test,16106,6,3,8.75,8.75,8.75,3.142857142857143,3
test,16118,6,2,7.0,7.0,7.0,1.1428571428571428,1
test,16129,6,3,8.5,8.5,8.5,2.857142857142857,3
test,16134,6,3,9.0,9.0,9.0,3.4285714285714284,3
test,16140,6,4,8.5,8.5,8.5,2.857142857142857,3
test,16141,6,1,6.75,6.75,6.75,0.8571428571428571,1
test,16142,6,1,4.75,4.75,6.0,0.0,0
test,16158,6,3,7.75,7.75,7.75,2.0,2
test,16166,6,3,8.75,8.75,8.75,3.142857142857143,3
test,16167,6,3,7.5,7.5,7.5,1.7142857142857142,2
test,16168,6,2,8.25,8.25,8.25,2.5714285714285716,3
test,16172,6,3,8.5,8.5,8.5,2.857142857142857,3
test,16174,6,2,8.75,8.75,8.75,3.142857142857143,3
test,16189,6,3,7.75,7.75,7.75,2.0,2
test,16190,6,4,8.75,8.75,8.75,3.142857142857143,3
test,16193,6,3,8.25,8.25,8.25,2.5714285714285716,3
test,16196,6,4,7.5,7.5,7.5,1.7142857142857142,2
test,16211,6,3,8.5,8.5,8.5,2.857142857142857,3
test,16218,6,3,8.25,8.25,8.25,2.5714285714285716,3
test,16256,6,0,2.75,2.75,6.0,0.0,0
test,16273,6,3,7.5,7.5,7.5,1.7142857142857142,2
test,16296,6,3,9.0,9.0,9.0,3.4285714285714284,3
test,16302,6,3,7.0,7.0,7.0,1.1428571428571428,1
test,16311,6,1,7.5,7.5,7.5,1.7142857142857142,2
test,16312,6,3,8.25,8.25,8.25,2.5714285714285716,3
test,16342,6,2,8.25,8.25,8.25,2.5714285714285716,3
test,16383,6,2,6.25,6.25,6.25,0.2857142857142857,0
test,16386,6,2,5.25,5.25,6.0,0.0,0
test,16390,6,4,8.5,8.5,8.5,2.857142857142857,3
test,16406,6,4,9.25,9.25,9.25,3.7142857142857144,4
test,16421,6,3,8.25,8.25,8.25,2.5714285714285716,3
test,16424,6,3,8.0,8.0,8.0,2.2857142857142856,2
test,16428,6,1,5.0,5.0,6.0,0.0,0
test,16450,6,1,8.25,8.25,8.25,2.5714285714285716,3
test,16459,6,3,7.5,7.5,7.5,1.7142857142857142,2
test,16469,6,3,9.25,9.25,9.25,3.7142857142857144,4
test,16477,6,3,9.0,9.0,9.0,3.4285714285714284,3
test,16478,6,3,9.0,9.0,9.0,3.4285714285714284,3
test,16518,6,1,8.0,8.0,8.0,2.2857142857142856,2
test,16521,6,0,1.5,1.5,6.0,0.0,0
test,16553,6,1,6.25,6.25,6.25,0.2857142857142857,0
test,16563,6,3,8.25,8.25,8.25,2.5714285714285716,3
test,16585,6,3,8.5,8.5,8.5,2.857142857142857,3
test,16596,6,3,8.0,8.0,8.0,2.2857142857142856,2
test,16600,6,1,7.5,7.5,7.5,1.7142857142857142,2
test,16606,6,1,6.25,6.25,6.25,0.2857142857142857,0
test,16623,6,4,8.25,8.25,8.25,2.5714285714285716,3
test,16629,6,0,6.0,6.0,6.0,0.0,0
test,16630,6,2,5.25,5.25,6.0,0.0,0
test,17851,7,16,4.75,4.75,4.75,12.5,12
test,17853,7,16,5.5,5.5,5.5,16.25,16
test,17858,7,24,6.5,6.5,6.5,21.25,21
test,17873,7,16,5.25,5.25,5.25,15.0,15
test,17890,7,15,6.5,6.5,6.5,21.25,21
test,17904,7,17,3.0,3.0,3.0,3.75,4
test,17914,7,12,6.5,6.5,6.5,21.25,21
test,17916,7,9,4.0,4.0,4.0,8.75,9
test,17932,7,24,7.5,7.5,7.5,26.25,26
test,17967,7,12,6.25,6.25,6.25,20.0,20
test,17992,7,7,3.75,3.75,3.75,7.5,8
test,17997,7,16,5.75,5.75,5.75,17.5,18
test,18001,7,12,3.25,3.25,3.25,5.0,5
test,18018,7,12,4.25,4.25,4.25,10.0,10
test,18019,7,20,5.75,5.75,5.75,17.5,18
test,18032,7,15,5.75,5.75,5.75,17.5,18
test,18035,7,16,5.5,5.5,5.5,16.25,16
test,18038,7,21,7.0,7.0,7.0,23.75,24
test,18045,7,19,7.25,7.25,7.25,25.0,25
test,18079,7,22,6.75,6.75,6.75,22.5,22
test,18093,7,14,5.0,5.0,5.0,13.75,14
test,18098,7,22,7.5,7.5,7.5,26.25,26
test,18102,7,13,5.0,5.0,5.0,13.75,14
test,18124,7,15,6.75,6.75,6.75,22.5,22
test,18138,7,12,5.75,5.75,5.75,17.5,18
test,18147,7,16,7.0,7.0,7.0,23.75,24
test,18154,7,13,5.0,5.0,5.0,13.75,14
test,18160,7,23,6.75,6.75,6.75,22.5,22
test,18181,7,17,4.25,4.25,4.25,10.0,10
test,18182,7,17,5.0,5.0,5.0,13.75,14
test,18186,7,14,5.5,5.5,5.5,16.25,16
test,18197,7,16,5.25,5.25,5.25,15.0,15
test,18198,7,20,6.75,6.75,6.75,22.5,22
test,18210,7,18,7.25,7.25,7.25,25.0,25
test,18213,7,22,7.25,7.25,7.25,25.0,25
test,18232,7,20,7.25,7.25,7.25,25.0,25
test,18240,7,16,4.5,4.5,4.5,11.25,11
test,18241,7,20,7.0,7.0,7.0,23.75,24
test,18246,7,17,6.0,6.0,6.0,18.75,19
test,18249,7,13,7.25,7.25,7.25,25.0,25
test,18254,7,17,4.5,4.5,4.5,11.25,11
test,18257,7,20,6.0,6.0,6.0,18.75,19
test,18258,7,9,4.75,4.75,4.75,12.5,12
test,18266,7,21,6.75,6.75,6.75,22.5,22
test,18272,7,11,6.0,6.0,6.0,18.75,19
test,18284,7,11,4.5,4.5,4.5,11.25,11
test,18287,7,18,5.5,5.5,5.5,16.25,16
test,18304,7,13,3.0,3.0,3.0,3.75,4
test,18314,7,24,5.25,5.25,5.25,15.0,15
test,18355,7,7,5.25,5.25,5.25,15.0,15
test,18367,7,18,4.0,4.0,4.0,8.75,9
test,18387,7,17,6.25,6.25,6.25,20.0,20
test,18389,7,17,6.0,6.0,6.0,18.75,19
test,18399,7,22,7.25,7.25,7.25,25.0,25
test,18418,7,18,6.75,6.75,6.75,22.5,22
test,18423,7,18,7.0,7.0,7.0,23.75,24
test,18435,7,18,5.75,5.75,5.75,17.5,18
test,18450,7,20,8.0,8.0,8.0,28.75,29
test,18453,7,16,5.25,5.25,5.25,15.0,15
test,18476,7,20,7.25,7.25,7.25,25.0,25
test,18479,7,23,6.25,6.25,6.25,20.0,20
test,18482,7,24,7.5,7.5,7.5,26.25,26
test,18494,7,18,7.75,7.75,7.75,27.5,28
test,18527,7,14,4.25,4.25,4.25,10.0,10
test,18528,7,23,6.75,6.75,6.75,22.5,22
test,18554,7,16,6.0,6.0,6.0,18.75,19
test,18557,7,17,5.75,5.75,5.75,17.5,18
test,18572,7,13,6.5,6.5,6.5,21.25,21
test,18584,7,21,7.5,7.5,7.5,26.25,26
test,18587,7,16,3.0,3.0,3.0,3.75,4
test,18600,7,24,7.75,7.75,7.75,27.5,28
test,18609,7,11,3.75,3.75,3.75,7.5,8
test,18642,7,16,5.75,5.75,5.75,17.5,18
test,18646,7,20,6.0,6.0,6.0,18.75,19
test,18648,7,18,7.0,7.0,7.0,23.75,24
test,18668,7,20,7.75,7.75,7.75,27.5,28
test,18678,7,11,5.0,5.0,5.0,13.75,14
test,18703,7,14,6.5,6.5,6.5,21.25,21
test,18713,7,12,6.5,6.5,6.5,21.25,21
test,18724,7,24,6.75,6.75,6.75,22.5,22
test,18732,7,16,6.0,6.0,6.0,18.75,19
test,18740,7,20,6.5,6.5,6.5,21.25,21
test,18764,7,9,3.25,3.25,3.25,5.0,5
test,18803,7,15,5.75,5.75,5.75,17.5,18
test,18819,7,16,5.25,5.25,5.25,15.0,15
test,18832,7,24,6.5,6.5,6.5,21.25,21
test,18836,7,17,7.0,7.0,7.0,23.75,24
test,18837,7,19,6.0,6.0,6.0,18.75,19
test,18848,7,24,5.75,5.75,5.75,17.5,18
test,18875,7,17,6.5,6.5,6.5,21.25,21
test,18876,7,4,2.5,2.5,2.5,1.25,1
test,18884,7,20,3.0,3.0,3.0,3.75,4
test,18898,7,19,5.0,5.0,5.0,13.75,14
test,18901,7,17,7.0,7.0,7.0,23.75,24
test,18902,7,9,4.0,4.0,4.0,8.75,9
test,18903,7,10,3.75,3.75,3.75,7.5,8
test,18907,7,23,8.25,8.25,8.25,30.0,30
test,18911,7,7,2.25,2.25,2.25,0.0,0
test,18916,7,10,2.75,2.75,2.75,2.5,2
test,18927,7,13,4.5,4.5,4.5,11.25,11
test,18944,7,12,6.5,6.5,6.5,21.25,21
test,18950,7,17,6.75,6.75,6.75,22.5,22
test,18960,7,24,7.5,7.5,7.5,26.25,26
test,18976,7,10,4.75,4.75,4.75,12.5,12
test,18980,7,7,2.5,2.5,2.5,1.25,1
test,19020,7,16,5.0,5.0,5.0,13.75,14
test,19031,7,21,7.0,7.0,7.0,23.75,24
test,19049,7,22,7.5,7.5,7.5,26.25,26
test,19050,7,19,5.25,5.25,5.25,15.0,15
test,19056,7,16,6.5,6.5,6.5,21.25,21
test,19059,7,21,6.75,6.75,6.75,22.5,22
test,19084,7,15,4.0,4.0,4.0,8.75,9
test,19090,7,17,6.75,6.75,6.75,22.5,22
test,19100,7,21,7.25,7.25,7.25,25.0,25
test,19126,7,16,4.75,4.75,4.75,12.5,12
test,19132,7,13,3.65,3.65,3.65,7.0,7
test,19134,7,11,3.5,3.5,3.5,6.25,6
test,19148,7,15,5.75,5.75,5.75,17.5,18
test,19150,7,17,6.0,6.0,6.0,18.75,19
test,19153,7,14,6.75,6.75,6.75,22.5,22
test,19167,7,18,6.5,6.5,6.5,21.25,21
test,19168,7,16,4.0,4.0,4.0,8.75,9
test,19181,7,14,6.5,6.5,6.5,21.25,21
test,19255,7,15,4.5,4.5,4.5,11.25,11
test,19256,7,16,5.75,5.75,5.75,17.5,18
test,19265,7,19,7.25,7.25,7.25,25.0,25
test,19273,7,22,7.75,7.75,7.75,27.5,28
test,19282,7,10,4.5,4.5,4.5,11.25,11
test,19298,7,13,5.5,5.5,5.5,16.25,16
test,19300,7,11,4.0,4.0,4.0,8.75,9
test,19305,7,17,6.5,6.5,6.5,21.25,21
test,19306,7,16,5.5,5.5,5.5,16.25,16
test,19315,7,12,5.75,5.75,5.75,17.5,18
test,19327,7,16,4.5,4.5,4.5,11.25,11
test,19338,7,14,5.25,5.25,5.25,15.0,15
test,19341,7,12,6.25,6.25,6.25,20.0,20
test,19342,7,24,6.75,6.75,6.75,22.5,22
test,19343,7,20,6.75,6.75,6.75,22.5,22
test,19360,7,18,5.75,5.75,5.75,17.5,18
test,19391,7,18,6.25,6.25,6.25,20.0,20
test,19406,7,23,5.75,5.75,5.75,17.5,18
test,19409,7,20,6.5,6.5,6.5,21.25,21
test,19410,7,16,4.75,4.75,4.75,12.5,12
test,19412,7,20,7.75,7.75,7.75,27.5,28
test,19415,7,13,6.75,6.75,6.75,22.5,22
test,19435,7,17,6.5,6.5,6.5,21.25,21
test,19440,7,12,4.0,4.0,4.0,8.75,9
test,19457,7,16,5.25,5.25,5.25,15.0,15
test,19475,7,18,6.25,6.25,6.25,20.0,20
test,19479,7,14,2.75,2.75,2.75,2.5,2
test,19494,7,14,4.0,4.0,4.0,8.75,9
test,19496,7,16,6.75,6.75,6.75,22.5,22
test,19498,7,16,4.0,4.0,4.0,8.75,9
test,19521,7,13,4.75,4.75,4.75,12.5,12
test,19536,7,16,5.75,5.75,5.75,17.5,18
test,19537,7,13,6.0,6.0,6.0,18.75,19
test,19558,7,12,3.75,3.75,3.75,7.5,8
test,20724,8,34,7.5,7.5,7.5,28.695652173913043,29
test,20737,8,40,7.25,7.25,7.25,23.47826086956522,23
test,20743,8,42,7.0,7.0,7.0,18.26086956521739,18
test,20746,8,33,7.75,7.75,7.75,33.91304347826087,34
test,20775,8,33,6.75,6.75,6.75,13.043478260869565,13
test,20779,8,37,7.75,7.75,7.75,33.91304347826087,34
test,20800,8,33,7.5,7.5,7.5,28.695652173913043,29
test,20803,8,37,8.0,8.0,8.0,39.130434782608695,39
test,20805,8,40,7.5,7.5,7.5,28.695652173913043,29
test,20808,8,31,7.75,7.75,7.75,33.91304347826087,34
test,20823,8,41,7.5,7.5,7.5,28.695652173913043,29
test,20828,8,28,6.0,6.0,6.125,0.0,0
test,20850,8,31,7.5,7.5,7.5,28.695652173913043,29
test,20884,8,43,8.75,8.75,8.75,54.78260869565217,55
test,20895,8,40,8.0,8.0,8.0,39.130434782608695,39
test,20938,8,34,7.5,7.5,7.5,28.695652173913043,29
test,20944,8,31,7.5,7.5,7.5,28.695652173913043,29
test,20945,8,29,5.75,5.75,6.125,0.0,0
test,20955,8,40,8.75,8.75,8.75,54.78260869565217,55
test,20981,8,40,7.0,7.0,7.0,18.26086956521739,18
test,21001,8,41,7.75,7.75,7.75,33.91304347826087,34
test,21002,8,40,7.75,7.75,7.75,33.91304347826087,34
test,21005,8,32,8.25,8.25,8.25,44.34782608695652,44
test,21012,8,30,6.0,6.0,6.125,0.0,0
test,21024,8,33,5.75,5.75,6.125,0.0,0
test,21025,8,40,9.0,9.0,9.0,60.0,60
test,21028,8,32,7.5,7.5,7.5,28.695652173913043,29
test,21069,8,42,8.5,8.5,8.5,49.56521739130435,50
test,21072,8,35,7.75,7.75,7.75,33.91304347826087,34
test,21074,8,37,7.5,7.5,7.5,28.695652173913043,29
test,21085,8,37,8.25,8.25,8.25,44.34782608695652,44
test,21090,8,37,7.5,7.5,7.5,28.695652173913043,29
test,21093,8,42,7.5,7.5,7.5,28.695652173913043,29
test,21102,8,31,6.75,6.75,6.75,13.043478260869565,13
test,21109,8,40,7.5,7.5,7.5,28.695652173913043,29
test,21134,8,34,7.5,7.5,7.5,28.695652173913043,29
test,21150,8,28,6.75,6.75,6.75,13.043478260869565,13
test,21198,8,34,7.25,7.25,7.25,23.47826086956522,23
test,21207,8,44,8.25,8.25,8.25,44.34782608695652,44
test,21211,8,33,8.5,8.5,8.5,49.56521739130435,50
test,21229,8,40,7.25,7.25,7.25,23.47826086956522,23
test,21246,8,37,7.25,7.25,7.25,23.47826086956522,23
test,21255,8,41,7.75,7.75,7.75,33.91304347826087,34
test,21265,8,35,7.5,7.5,7.5,28.695652173913043,29
test,21266,8,38,7.5,7.5,7.5,28.695652173913043,29
test,21274,8,40,8.25,8.25,8.25,44.34782608695652,44
test,21281,8,40,7.5,7.5,7.5,28.695652173913043,29
test,21302,8,40,7.75,7.75,7.75,33.91304347826087,34
test,21307,8,30,6.75,6.75,6.75,13.043478260869565,13
test,21310,8,40,8.0,8.0,8.0,39.130434782608695,39
test,21318,8,29,6.25,6.25,6.25,2.608695652173913,3
test,21324,8,40,7.5,7.5,7.5,28.695652173913043,29
test,21333,8,36,7.25,7.25,7.25,23.47826086956522,23
test,21373,8,40,8.0,8.0,8.0,39.130434782608695,39
test,21389,8,20,2.75,2.75,6.125,0.0,0
test,21429,8,55,8.0,8.0,8.0,39.130434782608695,39
test,21446,8,30,6.5,6.5,6.5,7.826086956521739,8
test,21448,8,30,7.25,7.25,7.25,23.47826086956522,23
test,21468,8,35,7.5,7.5,7.5,28.695652173913043,29
test,21471,8,40,7.75,7.75,7.75,33.91304347826087,34
test,21489,8,22,3.75,3.75,6.125,0.0,0
test,21495,8,36,8.0,8.0,8.0,39.130434782608695,39
test,21503,8,32,7.25,7.25,7.25,23.47826086956522,23
test,21510,8,43,8.0,8.0,8.0,39.130434782608695,39
test,21530,8,46,8.0,8.0,8.0,39.130434782608695,39
test,21532,8,50,8.25,8.25,8.25,44.34782608695652,44
test,21537,8,33,8.25,8.25,8.25,44.34782608695652,44
test,21549,8,30,5.25,5.25,6.125,0.0,0
test,21569,8,34,7.5,7.5,7.5,28.695652173913043,29
test,21596,8,31,7.25,7.25,7.25,23.47826086956522,23
test,21621,8,44,7.25,7.25,7.25,23.47826086956522,23
test,21630,8,40,8.0,8.0,8.0,39.130434782608695,39
