band_level,ngram,n,count,doc_freq,doc_pct,count_per_doc,other_count_per_doc,distinctiveness_score
low_le5,learn,1,707,461,0.19542178889359899,0.2997032640949555,0.0,0.2997032640949555
low_le5,house,1,696,232,0.0983467571004663,0.29504027130139887,0.0,0.29504027130139887
low_le5,country,1,687,379,0.16066129715981348,0.29122509537939806,0.0,0.29122509537939806
low_le5,community,1,681,283,0.11996608732513778,0.2886816447647308,0.0,0.2886816447647308
low_le5,different,1,680,478,0.2026282323018228,0.28825773632895296,0.0,0.28825773632895296
low_le5,good,1,1071,664,0.281475201356507,0.4540059347181009,0.3411432820621344,0.11286265265596651
low_le5,get,1,1170,702,0.29758372191606614,0.49597286986011024,0.3842488829312558,0.11172398692885444
low_le5,make,1,1197,785,0.3327681220856295,0.5074183976261127,0.4234124393753055,0.08400595825080726
low_le5,new,1,968,542,0.2297583721916066,0.4103433658329801,0.3333016002074669,0.07704176562551318
low_le5,job,1,976,459,0.19457397202204324,0.41373463331920307,0.3722635823172086,0.0414710510019945
low_le5,work,1,1682,755,0.32005086901229335,0.7130139889783806,0.6727582729011699,0.04025571607721079
low_le5,school,1,1190,486,0.2060194997880458,0.5044510385756676,0.4659565896858662,0.03849444888980147
low_le5,like,1,1020,691,0.29292072912250955,0.4323866044934294,0.39418175269504546,0.038204851798383954
low_le5,parents,1,877,396,0.1678677405680373,0.37176769817719374,0.3369067216179048,0.034860976559288936
low_le5,need,1,842,597,0.2530733361593896,0.3569309029249682,0.3251013591159838,0.031829543808984395
low_le5,government,1,1036,503,0.2132259431962696,0.4391691394658754,0.41180074928306964,0.027368390182805735
low_le5,health,1,791,391,0.16574819838914795,0.3353115727002967,0.32232104812332296,0.01299052457697375
low_le5,important,1,802,601,0.2547689699025011,0.33997456549385335,0.3301909135091454,0.00978365198470793
low_le5,education,1,1202,520,0.22043238660449344,0.5095379398050022,0.5003575809032909,0.009180358901711316
low_le5,money,1,997,552,0.23399745654938534,0.42263671047053836,0.41356073366585633,0.009075976804682029
low_le5,help,1,1132,718,0.3043662568885121,0.4798643493005511,0.4767175435219194,0.0031468057786316894
low_le5,technology,1,733,333,0.14116150911403136,0.3107248834251802,0.308411214953271,0.0023136684719091694
low_le5,use,1,768,480,0.20347604917337855,0.3255616786774057,0.3263754127626769,-0.0008137340852711894
low_le5,information,1,799,394,0.16701992369648155,0.3387028401865197,0.3399618690745913,-0.0012590288880716116
low_le5,moreover,1,728,679,0.2878338278931751,0.3086053412462908,0.31941253781070933,-0.01080719656441853
low_le5,students,1,1313,435,0.18440016956337432,0.5565917761763459,0.5700028115800373,-0.013411035403691374
low_le5,others,1,811,638,0.27045358202628234,0.34378974141585417,0.358538992837244,-0.01474925142138983
low_le5,first,1,717,624,0.2645188639253921,0.3039423484527342,0.318771842236645,-0.014829493783910797
low_le5,become,1,793,560,0.23738872403560832,0.3361593895718525,0.3524587252374378,-0.016299335665585335
low_le5,future,1,824,565,0.23950826621449767,0.3493005510809665,0.3659951736549532,-0.016694622573986684
mid_5_5_to_6_5,problems,1,1334,823,0.2054418372441338,0.3330004992511233,0.0,0.3330004992511233
mid_5_5_to_6_5,find,1,1270,837,0.208936595107339,0.3170244633050424,0.0,0.3170244633050424
mid_5_5_to_6_5,environment,1,1238,670,0.1672491263105342,0.309036445332002,0.0,0.309036445332002
mid_5_5_to_6_5,children,1,3426,1070,0.2670993509735397,0.8552171742386421,0.7674169560562738,0.08780021818236827
mid_5_5_to_6_5,get,1,1889,1170,0.2920619071392911,0.47154268597104343,0.3964639748757892,0.07507871109525421
mid_5_5_to_6_5,instance,1,2056,1894,0.472790813779331,0.5132301547678483,0.4660535223698284,0.04717663239801989
mid_5_5_to_6_5,help,1,2026,1238,0.309036445332002,0.5057413879181228,0.46377902421313355,0.04196236370498929
mid_5_5_to_6_5,example,1,3036,2455,0.6128307538691962,0.7578632051922117,0.7207548228370734,0.03710838235513836
mid_5_5_to_6_5,however,1,2208,1769,0.4415876185721418,0.5511732401397903,0.5145910382663947,0.03658220187339556
mid_5_5_to_6_5,jobs,1,1321,589,0.14702945581627558,0.32975536694957563,0.2936388302683147,0.03611653668126091
mid_5_5_to_6_5,like,1,1721,1223,0.3052920619071393,0.4296055916125811,0.3955722591354696,0.03403333247711149
mid_5_5_to_6_5,government,1,1774,893,0.22291562656015976,0.44283574638042933,0.4099674458257927,0.03286830055463663
mid_5_5_to_6_5,school,1,2005,873,0.21792311532700948,0.5004992511233151,0.4679324834120424,0.03256676771127265
mid_5_5_to_6_5,history,1,1518,502,0.12531203195207188,0.37893160259610587,0.34675710046629926,0.032174502129806604
mid_5_5_to_6_5,better,1,1588,1079,0.2693459810284573,0.3964053919121318,0.3642709599206523,0.03213443199147953
mid_5_5_to_6_5,moreover,1,1349,1258,0.3140289565651523,0.336744882675986,0.3053427670958617,0.03140211558012429
mid_5_5_to_6_5,conclusion,1,2446,2369,0.59136295556665,0.6105841238142786,0.5807599884623293,0.029824135351949277
mid_5_5_to_6_5,due,1,1404,1091,0.2723414877683475,0.3504742885671493,0.3226256942187554,0.027848594348393874
mid_5_5_to_6_5,money,1,1741,912,0.2276585122316525,0.4345981028457314,0.4075800374782598,0.02701806536747159
mid_5_5_to_6_5,hand,1,2434,1648,0.41138292561158263,0.6075886170743884,0.5809546259503274,0.02663399112406095
mid_5_5_to_6_5,students,1,2335,808,0.2016974538192711,0.5828756864702945,0.5568608564330629,0.026014830037231595
mid_5_5_to_6_5,knowledge,1,1263,815,0.2034448327508737,0.3152770843734398,0.2903225806451613,0.02495450372827851
mid_5_5_to_6_5,well,1,1844,1334,0.3330004992511233,0.46030953569645533,0.4368852481014538,0.023424287595001536
mid_5_5_to_6_5,future,1,1500,1017,0.2538691962056915,0.3744383424862706,0.3534262779523012,0.02101206453396942
mid_5_5_to_6_5,work,1,2802,1277,0.318771842236645,0.6994508237643535,0.6795398555081834,0.019910968256170114
mid_5_5_to_6_5,good,1,1569,1036,0.2586120818771842,0.39166250624063903,0.37231499630086534,0.01934750993977369
mid_5_5_to_6_5,take,1,1300,961,0.2398901647528707,0.32451323015476785,0.30667641089494524,0.01783681925982261
mid_5_5_to_6_5,others,1,1462,1178,0.29405891163255116,0.36495257114328505,0.34795757797352855,0.0169949931697565
mid_5_5_to_6_5,therefore,1,1652,1395,0.34822765851223164,0.4123814278582127,0.39715038193293817,0.015231045925274522
mid_5_5_to_6_5,first,1,1277,1095,0.27333999001497755,0.318771842236645,0.3039423484527342,0.014829493783910797
high_ge7,development,1,1037,729,0.21977690684353332,0.31263189629182997,0.0,0.31263189629182997
high_ge7,number,1,1018,774,0.23334338257461562,0.30690382876092853,0.0,0.30690382876092853
high_ge7,benefits,1,1000,779,0.2348507687669581,0.3014772384684956,0.0,0.3014772384684956
high_ge7,even,1,998,804,0.2423876997286705,0.30087428399155863,0.0,0.30087428399155863
high_ge7,individuals,1,1578,1000,0.3014772384684956,0.4757310823032861,0.33149189949708757,0.14423918280619852
high_ge7,conclusion,1,2157,2112,0.6367199276454628,0.6502864033765451,0.5609088486811962,0.08937755469534892
high_ge7,therefore,1,1507,1306,0.3937292734398553,0.4543261983720229,0.376177996676033,0.0781482016959899
high_ge7,public,1,1320,692,0.20862224902019896,0.3979499547784142,0.32179872412661215,0.07615123065180207
high_ge7,skills,1,1364,705,0.2125414531202894,0.411214953271028,0.33601373056989337,0.07520122270113466
high_ge7,instance,1,1756,1651,0.4977389207114863,0.5293940307506784,0.45797158437841334,0.07142244637226502
high_ge7,social,1,1539,750,0.2261079288513717,0.46397347000301475,0.40710654027437015,0.0568669297286446
high_ge7,example,1,2550,2123,0.6400361772686162,0.7687669580946639,0.7153029463858473,0.05346401170881654
high_ge7,countries,1,1222,681,0.20530599939704552,0.36840518540850165,0.31569469661552607,0.052710488792975574
high_ge7,young,1,1364,667,0.2010853180584866,0.411214953271028,0.35955202423156274,0.05166292903946529
high_ge7,better,1,1317,915,0.2758516731986735,0.3970455230630087,0.3639508943452139,0.03309462871779484
high_ge7,reasons,1,1314,1002,0.30208019294543265,0.3961410913476033,0.36536420464682373,0.03077688670077955
high_ge7,well,1,1540,1115,0.33614712089237264,0.46427494724148327,0.4349025423289398,0.02937240491254345
high_ge7,human,1,1132,564,0.17003316249623154,0.34127223394633704,0.31333277743410315,0.027939456512233896
high_ge7,health,1,1119,593,0.1787760024118179,0.3373530298462466,0.32130031955034805,0.016052710295898553
high_ge7,become,1,1179,871,0.2625866747060597,0.35544166415435635,0.3428175879461859,0.012624076208170465
high_ge7,take,1,1046,816,0.24600542659029243,0.3153451914380464,0.31126043025330596,0.0040847611847404375
high_ge7,however,1,1756,1458,0.43955381368706664,0.5293940307506784,0.5254806429609507,0.003913387789727718
high_ge7,due,1,1104,897,0.27042508290624057,0.3328308712692192,0.33144740286772045,0.001383468401498722
high_ge7,result,1,1048,930,0.2803738317757009,0.31594814591498344,0.3147778332501248,0.0011703126648586193
high_ge7,hand,1,1953,1310,0.39493518239372927,0.5887850467289719,0.5903564111230357,-0.0015713643940638011
high_ge7,use,1,1078,721,0.21736508893578535,0.3249924630690383,0.3266600205668606,-0.001667557497822325
high_ge7,others,1,1168,940,0.2833886041603859,0.3521254145312029,0.3543711562795696,-0.0022457417483667252
high_ge7,technology,1,1023,520,0.15676816400361773,0.308411214953271,0.3107248834251802,-0.0023136684719091694
high_ge7,important,1,1100,811,0.24449804039794995,0.3316249623153452,0.33436571509839946,-0.0027407527830542455
high_ge7,future,1,1186,777,0.23424781429002112,0.3575520048236358,0.36186944678361854,-0.004317441959982737
low_le5,day day,2,90,81,0.03433658329800763,0.03815175922000848,0.0,0.03815175922000848
low_le5,pay attention,2,79,69,0.029249682068673167,0.033488766426451884,0.0,0.033488766426451884
low_le5,single sex,2,67,19,0.008054260279779568,0.02840186519711742,0.0,0.02840186519711742
low_le5,due fact,2,61,56,0.02373887240356083,0.025858414582450192,0.0,0.025858414582450192
low_le5,later age,2,60,25,0.0105977108944468,0.02543450614667232,0.0,0.02543450614667232
low_le5,modern era,2,59,56,0.02373887240356083,0.025010597710894446,0.0,0.025010597710894446
low_le5,spend money,2,59,48,0.020347604917337857,0.025010597710894446,0.0,0.025010597710894446
low_le5,early age,2,58,48,0.020347604917337857,0.024586689275116574,0.0,0.024586689275116574
low_le5,fast food,2,57,39,0.016532428995337006,0.024162780839338704,0.0,0.024162780839338704
low_le5,video games,2,116,40,0.01695633743111488,0.04917337855023315,0.03262061234346852,0.01655276620676463
low_le5,history house,2,98,65,0.02755404832556168,0.04154302670623145,0.031960989778521846,0.009582036927709606
low_le5,vital role,2,86,82,0.0347604917337855,0.03645612547689699,0.02743698741908241,0.009019138057814582
low_le5,young generation,2,73,57,0.024162780839338704,0.030945315811784654,0.024940731802507273,0.006004584009277381
low_le5,advantages disadvantages,2,73,70,0.02967359050445104,0.030945315811784654,0.02589219878352504,0.005053117028259613
low_le5,community work,2,96,41,0.01738024586689275,0.040695209834675714,0.03669495756365452,0.004000252271021194
low_le5,main reason,2,93,86,0.03645612547689699,0.039423484527342095,0.03752386945659292,0.0018996150707491777
low_le5,get job,2,85,67,0.02840186519711742,0.03603221704111912,0.03419870194707938,0.0018335150940397421
low_le5,negative impact,2,69,57,0.024162780839338704,0.029249682068673167,0.02816957108804686,0.001080110980626308
low_le5,solve problem,2,63,53,0.022467147096227214,0.026706231454005934,0.026460309535696454,0.0002459219183094802
low_le5,important role,2,73,69,0.029249682068673167,0.030945315811784654,0.0309535696455317,-8.25383374704683e-06
low_le5,hard work,2,71,51,0.02161933022467147,0.03009749894022891,0.030147723846849564,-5.022490662065504e-05
low_le5,unpaid work,2,57,37,0.015684612123781264,0.024162780839338704,0.025212181727408887,-0.0010494008880701823
low_le5,family members,2,72,54,0.022891055532005086,0.03052140737600678,0.03161544990322776,-0.0010940425272209786
low_le5,university college,2,92,49,0.020771513353115726,0.03899957609156422,0.04018971542685971,-0.0011901393352954856
low_le5,getting job,2,57,40,0.01695633743111488,0.024162780839338704,0.0254618072890664,-0.0012990264497276943
low_le5,successful career,2,76,49,0.020771513353115726,0.03221704111911827,0.033699450823764354,-0.0014824097046460816
low_le5,first foremost,2,109,109,0.046206019499788045,0.046206019499788045,0.048925180212798076,-0.002719160713010031
low_le5,earn money,2,60,55,0.02331496396778296,0.02543450614667232,0.028207688467299052,-0.0027731823206267325
low_le5,social media,2,292,125,0.052988554472233995,0.12378126324713862,0.12682250365783854,-0.003041240410699919
low_le5,education system,2,57,39,0.016532428995337006,0.024162780839338704,0.028207688467299052,-0.004044907627960347
mid_5_5_to_6_5,climate change,2,567,184,0.04593110334498253,0.1415376934598103,0.09235644654568301,0.049181246914127286
mid_5_5_to_6_5,house building,2,128,85,0.021218172740888667,0.03195207189216176,0.0,0.03195207189216176
mid_5_5_to_6_5,following paragraphs,2,101,101,0.025212181727408887,0.025212181727408887,0.0,0.025212181727408887
mid_5_5_to_6_5,social media,2,562,251,0.06265601597603594,0.14028956565152273,0.11856835245564648,0.02172121319587625
mid_5_5_to_6_5,negative effects,2,164,142,0.03544682975536695,0.040938592111832255,0.028422376895622804,0.01251621521620945
mid_5_5_to_6_5,high school,2,273,163,0.04068896655017474,0.06814777833250125,0.05702840058720968,0.011119377745291578
mid_5_5_to_6_5,even though,2,253,237,0.05916125811283075,0.06315526709935097,0.054437536638302586,0.008717730461048387
mid_5_5_to_6_5,take care,2,168,131,0.0327009485771343,0.04193709435846231,0.03391267486222976,0.008024419496232553
mid_5_5_to_6_5,higher education,2,201,129,0.03220169745381927,0.05017473789316026,0.04346262774922256,0.006712110143937695
mid_5_5_to_6_5,another reason,2,163,161,0.04018971542685971,0.04068896655017474,0.03452693952806224,0.0061620270221125
mid_5_5_to_6_5,main reason,2,169,163,0.04068896655017474,0.04218671992011982,0.03614225176020406,0.0060444681599157585
mid_5_5_to_6_5,public transport,2,208,114,0.028457314028956564,0.05192211682476285,0.04612601748567983,0.0057960993390830245
mid_5_5_to_6_5,first foremost,2,206,205,0.05117324013979031,0.05142286570144783,0.046316757111968185,0.005106108589479644
mid_5_5_to_6_5,human beings,2,170,140,0.034947578632051925,0.042436345481777334,0.03750880373601738,0.004927541745759954
mid_5_5_to_6_5,air pollution,2,145,110,0.02745881178232651,0.03619570644033949,0.031983488913395,0.004212217526944485
mid_5_5_to_6_5,public transportation,2,129,84,0.020968547179231155,0.03220169745381927,0.02799846845984493,0.004203228993974337
mid_5_5_to_6_5,artificial intelligence,2,178,95,0.023714428357463804,0.044433349975037444,0.04032542416722824,0.004107925807809207
mid_5_5_to_6_5,education system,2,113,80,0.0199700449326011,0.028207688467299052,0.024162780839338704,0.004044907627960347
mid_5_5_to_6_5,history house,2,151,111,0.027708437343984024,0.037693459810284574,0.03388577322649529,0.0038076865837892854
mid_5_5_to_6_5,earn money,2,113,102,0.0254618072890664,0.028207688467299052,0.02543450614667232,0.0027731823206267325
mid_5_5_to_6_5,global warming,2,233,151,0.037693459810284574,0.0581627558662007,0.05602524434161473,0.0021375115245859666
mid_5_5_to_6_5,environmental problems,2,154,104,0.025961058412381426,0.038442336495257114,0.03640161931233285,0.0020407171829242635
mid_5_5_to_6_5,main reasons,2,116,106,0.026460309535696454,0.02895656515227159,0.02727768354040351,0.0016788816118680806
mid_5_5_to_6_5,well known,2,131,118,0.02945581627558662,0.0327009485771343,0.031144873551449154,0.0015560750256851455
mid_5_5_to_6_5,successful career,2,135,101,0.025212181727408887,0.033699450823764354,0.03221704111911827,0.0014824097046460816
mid_5_5_to_6_5,getting job,2,102,82,0.020469296055916127,0.0254618072890664,0.024162780839338704,0.0012990264497276943
mid_5_5_to_6_5,university college,2,161,96,0.023964053919121316,0.04018971542685971,0.03899957609156422,0.0011901393352954856
mid_5_5_to_6_5,unpaid work,2,101,63,0.015726410384423364,0.025212181727408887,0.024162780839338704,0.0010494008880701823
mid_5_5_to_6_5,negative impact,2,117,106,0.026460309535696454,0.029206190713929107,0.02819131676541889,0.0010148739485102178
mid_5_5_to_6_5,every day,2,103,91,0.02271592611083375,0.025711432850723914,0.025324088031353633,0.00038734481937028123
high_ge7,long term,2,267,223,0.06722942417847452,0.08049442267108833,0.03763758770491994,0.04285683496616839
high_ge7,fossil fuels,2,105,70,0.021103406692794695,0.03165511003919204,0.0,0.03165511003919204
high_ge7,public health,2,102,69,0.0208019294543262,0.030750678323786553,0.0,0.030750678323786553
high_ge7,long run,2,102,99,0.029846246608381068,0.030750678323786553,0.0,0.030750678323786553
high_ge7,developed countries,2,98,80,0.02411817907747965,0.02954476936991257,0.0,0.02954476936991257
high_ge7,carbon dioxide,2,93,79,0.023816701839011155,0.028037383177570093,0.0,0.028037383177570093
high_ge7,wide range,2,90,86,0.025927042508290626,0.027132951462164608,0.0,0.027132951462164608
high_ge7,increasing number,2,90,90,0.027132951462164608,0.027132951462164608,0.0,0.027132951462164608
high_ge7,developing countries,2,90,73,0.02200783840820018,0.027132951462164608,0.0,0.027132951462164608
high_ge7,negative impacts,2,90,82,0.02472113355441664,0.027132951462164608,0.0,0.027132951462164608
high_ge7,face face,2,89,69,0.0208019294543262,0.02683147422369611,0.0,0.02683147422369611
high_ge7,children learn,2,88,66,0.019897497738920713,0.026529996985227615,0.0,0.026529996985227615
high_ge7,health problems,2,82,70,0.021103406692794695,0.02472113355441664,0.0,0.02472113355441664
high_ge7,recent years,2,185,184,0.055471811878203194,0.05577328911667169,0.038110966233989414,0.017662322882682276
high_ge7,global warming,2,217,150,0.045221585770274346,0.06542056074766354,0.05239634190088331,0.013024218846780233
high_ge7,environmental issues,2,138,110,0.03316249623153452,0.0416038589086524,0.03020469296055916,0.011399165948093235
high_ge7,human beings,2,149,133,0.040096472716309915,0.04492010853180585,0.036266922211003125,0.008653186320802725
high_ge7,several reasons,2,152,148,0.04461863129333735,0.04582454024721134,0.03759991636115136,0.008224623886059976
high_ge7,job opportunities,2,126,117,0.03527283690081399,0.03798613204703045,0.0309535696455317,0.007032562401498747
high_ge7,higher education,2,166,112,0.03376545070847151,0.05004522158577027,0.04352738590291756,0.0065178356828527115
high_ge7,air pollution,2,125,97,0.029243292131444075,0.03768465480856195,0.031239014729283775,0.006445640079278177
high_ge7,computer games,2,115,38,0.011456135061802835,0.034669882423876995,0.028457314028956564,0.006212568394920431
high_ge7,family members,2,117,75,0.022610792885137173,0.03527283690081399,0.02923973514082416,0.006033101759989827
high_ge7,mental health,2,116,99,0.029846246608381068,0.03497135966234549,0.02937862176637545,0.005592737895970042
high_ge7,social skills,2,122,74,0.022309315646668677,0.03678022309315647,0.031773662101167874,0.005006560991988596
high_ge7,artificial intelligence,2,148,92,0.027735905939101597,0.04461863129333735,0.04023278350807828,0.004385847785259071
high_ge7,high school,2,211,122,0.03678022309315647,0.06361169731685258,0.059296441095034014,0.004315256221818567
high_ge7,public transportation,2,107,74,0.022309315646668677,0.03225806451612903,0.02797028492869005,0.004287779587438981
high_ge7,amount money,2,101,88,0.026529996985227615,0.030449201085318057,0.02745881178232651,0.002990389302991548
high_ge7,economic growth,2,122,91,0.027434428700633104,0.03678022309315647,0.03394907638542187,0.0028311467077345998
low_le5,dsfs fds dsfdsssssssssss,3,20,1,0.000423908435777872,0.00847816871555744,0.0,0.00847816871555744
low_le5,dsoisd dsfs fds,3,20,1,0.000423908435777872,0.00847816871555744,0.0,0.00847816871555744
low_le5,decided children later,3,18,3,0.001271725307333616,0.007630351844001695,0.0,0.007630351844001695
low_le5,plays vital role,3,46,43,0.018228062738448497,0.01949978804578211,0.01228647682681585,0.007213311218966262
low_le5,later age past,3,17,2,0.000847816871555744,0.0072064434082238235,0.0,0.0072064434082238235
low_le5,children later age,3,32,12,0.005086901229334464,0.013565069944891903,0.006490264603095357,0.007074805341796547
low_le5,age past advantages,3,16,1,0.000423908435777872,0.006782534972445952,0.0,0.006782534972445952
low_le5,past advantages outweigh,3,16,1,0.000423908435777872,0.006782534972445952,0.0,0.006782534972445952
low_le5,outweigh disadvantages decided,3,15,1,0.000423908435777872,0.00635862653666808,0.0,0.00635862653666808
low_le5,pollution housing problems,3,15,10,0.00423908435777872,0.00635862653666808,0.0,0.00635862653666808
low_le5,single sex school,3,15,10,0.00423908435777872,0.00635862653666808,0.0,0.00635862653666808
low_le5,finding history house,3,15,12,0.005086901229334464,0.00635862653666808,0.0,0.00635862653666808
low_le5,interested finding history,3,15,14,0.005934718100890208,0.00635862653666808,0.0,0.00635862653666808
low_le5,disadvantages decided children,3,15,1,0.000423908435777872,0.00635862653666808,0.0,0.00635862653666808
low_le5,first foremost reason,3,14,14,0.005934718100890208,0.005934718100890208,0.0,0.005934718100890208
low_le5,advantages outweigh disadvantages,3,27,12,0.005086901229334464,0.011445527766002543,0.0056876924588998325,0.005757835307102711
low_le5,fds dsfdsssssssssss freabcd,3,13,1,0.000423908435777872,0.005510809665112336,0.0,0.005510809665112336
low_le5,good citizens workers,3,13,9,0.0038151759220008477,0.005510809665112336,0.0,0.005510809665112336
low_le5,freabcd dsoisd dsfs,3,13,1,0.000423908435777872,0.005510809665112336,0.0,0.005510809665112336
low_le5,learn new skills,3,13,12,0.005086901229334464,0.005510809665112336,0.0,0.005510809665112336
low_le5,dsfdsssssssssss freabcd dsoisd,3,13,1,0.000423908435777872,0.005510809665112336,0.0,0.005510809665112336
low_le5,play video games,3,12,11,0.0046629927935565915,0.005086901229334464,0.0,0.005086901229334464
low_le5,lead logical conclusion,3,12,12,0.005086901229334464,0.005086901229334464,0.0,0.005086901229334464
low_le5,play important role,3,39,38,0.016108520559559136,0.016532428995337006,0.011890929057122787,0.0046414999382142184
low_le5,single sex schools,3,35,14,0.005934718100890208,0.01483679525222552,0.011215013476168021,0.0036217817760574988
low_le5,playing video games,3,32,18,0.007630351844001695,0.013565069944891903,0.01066872708724071,0.002896342857651193
low_le5,using social media,3,22,13,0.005510809665112336,0.009325985587113183,0.007034707209610667,0.002291278377502516
low_le5,increasing day day,3,16,15,0.00635862653666808,0.006782534972445952,0.0044932601098352475,0.0022892748626107042
low_le5,university college best,3,15,14,0.005934718100890208,0.00635862653666808,0.0044932601098352475,0.0018653664268328323
low_le5,solve environmental problems,3,17,15,0.00635862653666808,0.0072064434082238235,0.0054917623564653024,0.001714681051758521
mid_5_5_to_6_5,without shadow doubt,3,37,37,0.009236145781328009,0.009236145781328009,0.0,0.009236145781328009
mid_5_5_to_6_5,history houses buildings,3,28,26,0.006490264603095357,0.006989515726410384,0.0,0.006989515726410384
mid_5_5_to_6_5,perspectives heating debate,3,24,24,0.005991013479780329,0.005991013479780329,0.0,0.005991013479780329
mid_5_5_to_6_5,team sports school,3,23,14,0.003494757863205192,0.005741387918122816,0.0,0.005741387918122816
mid_5_5_to_6_5,instance survey conducted,3,22,22,0.0054917623564653024,0.0054917623564653024,0.0,0.0054917623564653024
mid_5_5_to_6_5,controversial perspectives heating,3,22,22,0.0054917623564653024,0.0054917623564653024,0.0,0.0054917623564653024
mid_5_5_to_6_5,increase production consumer,3,21,12,0.0029955067398901645,0.005242136794807789,0.0,0.005242136794807789
mid_5_5_to_6_5,job high school,3,21,17,0.004243634548177734,0.005242136794807789,0.0,0.005242136794807789
mid_5_5_to_6_5,environmental pollution housing,3,20,15,0.0037443834248627058,0.004992511233150275,0.0,0.004992511233150275
mid_5_5_to_6_5,plays significant role,3,19,19,0.004742885671492761,0.004742885671492761,0.0,0.004742885671492761
mid_5_5_to_6_5,positive negative effects,3,18,17,0.004243634548177734,0.0044932601098352475,0.0,0.0044932601098352475
mid_5_5_to_6_5,plays important role,3,46,46,0.011482775836245632,0.011482775836245632,0.007253856742463676,0.004228919093781956
mid_5_5_to_6_5,studying university college,3,51,37,0.009236145781328009,0.0127309036445332,0.009325985587113183,0.0034049180574200165
mid_5_5_to_6_5,history house building,3,52,39,0.009735396904643036,0.012980529206190713,0.009641967983091713,0.0033385612230989997
mid_5_5_to_6_5,use social media,3,38,26,0.006490264603095357,0.009485771342985522,0.006679209687451556,0.0028065616555339665
mid_5_5_to_6_5,job straight school,3,40,30,0.0074887668497254116,0.00998502246630055,0.0072064434082238235,0.0027785790580767264
mid_5_5_to_6_5,unpaid community work,3,43,25,0.006240639041437843,0.010733899151273091,0.008040458015364732,0.0026934411359083588
mid_5_5_to_6_5,house building live,3,35,32,0.00798801797304044,0.008736894658012981,0.006076255210514565,0.002660639447498416
mid_5_5_to_6_5,artificially intelligent robots,3,55,36,0.008986520219670495,0.013729405891163254,0.01111184524389943,0.002617560647263824
mid_5_5_to_6_5,use public transport,3,38,32,0.00798801797304044,0.009485771342985522,0.007008994347844923,0.0024767769951405992
mid_5_5_to_6_5,conclusion even though,3,44,44,0.010983524712930605,0.010983524712930605,0.00857759613884209,0.0024059285740885145
mid_5_5_to_6_5,playing computer games,3,40,17,0.004243634548177734,0.00998502246630055,0.008120779526334401,0.0018642429399661486
mid_5_5_to_6_5,gap rich poor,3,25,15,0.0037443834248627058,0.006240639041437843,0.00482363581549593,0.0014170032259419128
mid_5_5_to_6_5,getting job straight,3,26,25,0.006240639041437843,0.006490264603095357,0.005086901229334464,0.0014033633737608924
mid_5_5_to_6_5,prevent climate change,3,27,21,0.005242136794807789,0.00673989016475287,0.005510809665112336,0.0012290804996405343
mid_5_5_to_6_5,live climate change,3,29,25,0.006240639041437843,0.007239141288067898,0.006029544769369913,0.001209596518697985
mid_5_5_to_6_5,production consumer goods,3,24,19,0.004742885671492761,0.005991013479780329,0.00482363581549593,0.001167377664284399
mid_5_5_to_6_5,plays vital role,3,61,60,0.014977533699450823,0.015227159261108337,0.014422791219152738,0.0008043680419555985
mid_5_5_to_6_5,graduating high school,3,27,25,0.006240639041437843,0.00673989016475287,0.006331022007838408,0.00040886815691446206
mid_5_5_to_6_5,single sex schools,3,50,23,0.005741387918122816,0.012481278082875686,0.012392772060842938,8.85060220327475e-05
high_ge7,better job opportunities,3,24,22,0.006632499246306904,0.007235453723243895,0.0,0.007235453723243895
high_ge7,play significant role,3,22,22,0.006632499246306904,0.006632499246306904,0.0,0.006632499246306904
high_ge7,greenhouse gas emissions,3,20,16,0.00482363581549593,0.006029544769369913,0.0,0.006029544769369913
high_ge7,renewable energy sources,3,20,18,0.005426590292432921,0.006029544769369913,0.0,0.006029544769369913
high_ge7,carbon dioxide emissions,3,20,18,0.005426590292432921,0.006029544769369913,0.0,0.006029544769369913
high_ge7,play pivotal role,3,18,18,0.005426590292432921,0.005426590292432921,0.0,0.005426590292432921
high_ge7,money soon possible,3,18,18,0.005426590292432921,0.005426590292432921,0.0,0.005426590292432921
high_ge7,require human touch,3,18,17,0.0051251130539644255,0.005426590292432921,0.0,0.005426590292432921
high_ge7,due several reasons,3,18,18,0.005426590292432921,0.005426590292432921,0.0,0.005426590292432921
high_ge7,social media platforms,3,40,35,0.010551703346397347,0.012059089538739826,0.006874226599905145,0.00518486293883468
high_ge7,pursuing higher education,3,17,15,0.004522158577027435,0.0051251130539644255,0.0,0.0051251130539644255
high_ge7,another point overlooked,3,17,17,0.0051251130539644255,0.0051251130539644255,0.0,0.0051251130539644255
high_ge7,museums art galleries,3,17,9,0.0027132951462164605,0.0051251130539644255,0.0,0.0051251130539644255
high_ge7,high school students,3,41,35,0.010551703346397347,0.01236056677720832,0.0073358063794515945,0.005024760397756726
high_ge7,effects climate change,3,16,13,0.003919204100090443,0.00482363581549593,0.0,0.00482363581549593
high_ge7,increasing fuel prices,3,16,13,0.003919204100090443,0.00482363581549593,0.0,0.00482363581549593
high_ge7,sugar based drinks,3,16,4,0.0012059089538739825,0.00482363581549593,0.0,0.00482363581549593
high_ge7,plays pivotal role,3,16,16,0.00482363581549593,0.00482363581549593,0.0,0.00482363581549593
high_ge7,increasing price fuel,3,16,14,0.004220681338558939,0.00482363581549593,0.0,0.00482363581549593
high_ge7,reasons examined apparent,3,16,16,0.00482363581549593,0.00482363581549593,0.0,0.00482363581549593
high_ge7,play crucial role,3,39,39,0.01175761230027133,0.01175761230027133,0.006989515726410384,0.004768096573860945
high_ge7,example survey conducted,3,15,15,0.004522158577027435,0.004522158577027435,0.0,0.004522158577027435
high_ge7,playing computer games,3,37,22,0.006632499246306904,0.011154657823334338,0.007535961847817507,0.0036186959755168313
high_ge7,jobs require human,3,33,21,0.006331022007838408,0.009948748869460356,0.006374975476590117,0.0035737733928702395
high_ge7,artificially intelligent robots,3,47,36,0.010853180584865842,0.014169430208019295,0.010891833085471411,0.0032775971225478834
high_ge7,plays crucial role,3,23,23,0.006933976484775399,0.006933976484775399,0.0051645190120711264,0.0017694574727042727
high_ge7,face face interaction,3,29,24,0.007235453723243895,0.008742839915586373,0.006989515726410384,0.0017533241891759888
high_ge7,play vital role,3,38,38,0.011456135061802835,0.011456135061802835,0.009867458244595803,0.0015886768172070319
high_ge7,increasing cost fuel,3,28,22,0.006632499246306904,0.008441362677117878,0.007222792348145861,0.0012185703289720176
high_ge7,problem solving skills,3,23,22,0.006632499246306904,0.006933976484775399,0.005887523102798113,0.0010464533819772859
