,prompt_overlap,prompt_overlap,prompt_overlap,prompt_overlap,prompt_bigram_overlap,prompt_bigram_overlap,prompt_bigram_overlap,prompt_bigram_overlap,intro_prompt_overlap,intro_prompt_overlap,intro_prompt_overlap,intro_prompt_overlap,body_prompt_overlap,body_prompt_overlap,body_prompt_overlap,body_prompt_overlap,conclusion_prompt_overlap,conclusion_prompt_overlap,conclusion_prompt_overlap,conclusion_prompt_overlap,intro_thesis_signal,intro_thesis_signal,intro_thesis_signal,intro_thesis_signal,conclusion_signal,conclusion_signal,conclusion_signal,conclusion_signal,has_intro_body_conclusion,has_intro_body_conclusion,has_intro_body_conclusion,has_intro_body_conclusion,paragraph_count,paragraph_count,paragraph_count,paragraph_count,paragraph_len_cv,paragraph_len_cv,paragraph_len_cv,paragraph_len_cv,adjacent_sentence_overlap_mean,adjacent_sentence_overlap_mean,adjacent_sentence_overlap_mean,adjacent_sentence_overlap_mean,connective_per_sentence,connective_per_sentence,connective_per_sentence,connective_per_sentence,transition_sentence_start_ratio,transition_sentence_start_ratio,transition_sentence_start_ratio,transition_sentence_start_ratio,sentence_start_repetition_ratio,sentence_start_repetition_ratio,sentence_start_repetition_ratio,sentence_start_repetition_ratio,lexical_chain_coverage,lexical_chain_coverage,lexical_chain_coverage,lexical_chain_coverage,lexical_density,lexical_density,lexical_density,lexical_density,type_token_ratio,type_token_ratio,type_token_ratio,type_token_ratio,root_ttr,root_ttr,root_ttr,root_ttr,content_repetition_ratio,content_repetition_ratio,content_repetition_ratio,content_repetition_ratio,top_content_word_ratio,top_content_word_ratio,top_content_word_ratio,top_content_word_ratio,academic_word_ratio,academic_word_ratio,academic_word_ratio,academic_word_ratio,long_word_ratio,long_word_ratio,long_word_ratio,long_word_ratio,avg_sentence_len,avg_sentence_len,avg_sentence_len,avg_sentence_len,complex_sentence_ratio,complex_sentence_ratio,complex_sentence_ratio,complex_sentence_ratio,very_long_sentence_ratio,very_long_sentence_ratio,very_long_sentence_ratio,very_long_sentence_ratio,run_on_sentence_ratio,run_on_sentence_ratio,run_on_sentence_ratio,run_on_sentence_ratio,simple_sva_error_per_100,simple_sva_error_per_100,simple_sva_error_per_100,simple_sva_error_per_100,repeated_word_error_per_100,repeated_word_error_per_100,repeated_word_error_per_100,repeated_word_error_per_100,lowercase_i_per_100,lowercase_i_per_100,lowercase_i_per_100,lowercase_i_per_100,flesch_kincaid_grade_proxy,flesch_kincaid_grade_proxy,flesch_kincaid_grade_proxy,flesch_kincaid_grade_proxy
,mean,median,std,count,mean,median,std,count,mean,median,std,count,mean,median,std,count,mean,median,std,count,mean,median,std,count,mean,median,std,count,mean,median,std,count,mean,median,std,count,mean,median,std,count,mean,median,std,count,mean,median,std,count,mean,median,std,count,mean,median,std,count,mean,median,std,count,mean,median,std,count,mean,median,std,count,mean,median,std,count,mean,median,std,count,mean,median,std,count,mean,median,std,count,mean,median,std,count,mean,median,std,count,mean,median,std,count,mean,median,std,count,mean,median,std,count,mean,median,std,count,mean,median,std,count,mean,median,std,count,mean,median,std,count
band,,,,,,,,,,,,,,,,,,,,,,,,,,,,,,,,,,,,,,,,,,,,,,,,,,,,,,,,,,,,,,,,,,,,,,,,,,,,,,,,,,,,,,,,,,,,,,,,,,,,,,,,,,,,,,,,,,,,,,,,
0.0,0.07818181818181819,0.09090909090909091,0.08322030902796951,5,0.0,0.0,0.0,5,0.01818181818181818,0.0,0.040655781409087086,5,0.06000000000000001,0.0,0.0894427190999916,5,0.0,0.0,0.0,5,0.0,0.0,0.0,5,0.2,0.0,0.4472135954999579,5,0.0,0.0,0.0,5,1.0,1.0,0.0,5,0.0,0.0,0.0,5,0.0682192295173905,0.056736680327868855,0.05084989342571047,5,0.8399848557309102,1.125,0.5552454349593808,5,0.11454248366013071,0.125,0.08752970727767327,5,0.4794356767097083,0.5,0.3569500763548905,5,0.5934989964653269,0.6119402985074627,0.1435505252574554,5,0.44125956060901605,0.44559585492227977,0.03557682566576037,5,0.46566134180724184,0.48792270531400966,0.07041502829764909,5,6.869022028264345,6.271815075053181,1.4563862803662209,5,0.3397292336603345,0.2835820895522388,0.13358096721321758,5,0.06780278654238264,0.05343511450381679,0.02452487397410007,5,0.012108842089792054,0.0051813471502590676,0.012942931458812574,5,0.20059590374954853,0.1779935275080906,0.06408276437243217,5,19.129264307348954,21.444444444444443,7.714488513439004,5,0.43807189542483665,0.5555555555555556,0.3410712390614504,5,0.08120915032679739,0.058823529411764705,0.09419831895771492,5,0.08120915032679739,0.058823529411764705,0.09419831895771492,5,0.0,0.0,0.0,5,0.0,0.0,0.0,5,0.0,0.0,0.0,5,10.309169986708483,10.993022452504317,4.870452164674871,5
0.5,0.023965141612200435,0.018518518518518517,0.02906680623992665,4,0.0,0.0,0.0,4,0.0,0.0,0.0,4,0.023965141612200435,0.018518518518518517,0.02906680623992665,4,0.014705882352941176,0.0,0.029411764705882353,4,0.0,0.0,0.0,4,0.0,0.0,0.0,4,0.0,0.0,0.0,4,1.0,1.0,0.0,4,0.0,0.0,0.0,4,0.07185881376096596,0.07088789232764565,0.055984087687628116,4,0.65625,0.6666666666666667,0.23167815718905937,4,0.125,0.16666666666666666,0.08333333333333333,4,0.375,0.29166666666666663,0.19837301190396806,4,0.5297317655308442,0.48338779956427014,0.3338959450859528,4,0.4850371834142062,0.4849181805467062,0.05996019125965539,4,0.46767165785222553,0.5112272412723411,0.17170469301240507,4,6.7960688025186045,7.280207331330246,2.0914238480680547,4,0.3062428050202678,0.3229847494553377,0.2090985425971308,4,0.07546160365083115,0.07570806100217864,0.034753591394717016,4,0.02144923603045692,0.018881004812005546,0.022853210815653502,4,0.25792346640524766,0.2411076291142154,0.0435480644936901,4,20.53125,20.979166666666664,3.173489543015642,4,0.5,0.5416666666666666,0.2635231383473649,4,0.041666666666666664,0.041666666666666664,0.048112522432468816,4,0.041666666666666664,0.041666666666666664,0.048112522432468816,4,0.0,0.0,0.0,4,0.0,0.0,0.0,4,0.0,0.0,0.0,4,12.729422160393337,12.776149240858445,2.1398697391073904,4
1.0,0.139115775528819,0.07681159420289854,0.25945816032325725,14,0.07142857142857142,0.0,0.2672612419124244,14,0.0494047619047619,0.0,0.16661743778449653,14,0.139115775528819,0.07681159420289854,0.25945816032325725,14,0.035515873015873015,0.0,0.10019081137525544,14,0.0,0.0,0.0,14,0.07142857142857142,0.0,0.2672612419124244,14,0.0,0.0,0.0,14,1.0,1.0,0.0,14,0.0,0.0,0.0,14,0.04477221632983253,0.03772538631263524,0.04224580440061051,14,0.9727711193767125,1.0,0.6942719986330943,14,0.13503499760559962,0.10555555555555556,0.1444272969912385,14,0.3885849558402596,0.35416666666666663,0.25297673883543764,14,0.5065822988600647,0.473717293942013,0.18993338694084147,14,0.49079248787660984,0.5006963788300836,0.0531391343069085,14,0.4866382543316142,0.5220403674472764,0.13907857839920548,14,8.151761562479429,8.798227803744304,2.642315001659026,14,0.3133109137576909,0.2327706775982638,0.22920168114292194,14,0.0553807314810152,0.04854826546003017,0.025576936965215603,14,0.006930790201325845,0.00556329309811204,0.005618974419645682,14,0.24662400249901392,0.2514367816091954,0.07158843564900094,14,19.340668751107,18.59375,9.651576938740071,14,0.38322356538243707,0.39338235294117646,0.2539438181829879,14,0.10805655595571562,0.0,0.18979797669658252,14,0.10805655595571562,0.0,0.18979797669658252,14,0.0,0.0,0.0,14,0.0,0.0,0.0,14,0.19083969465648853,0.0,0.7140567532011338,14,12.566186612381602,12.631753246753249,2.890664209738798,14
1.5,0.24169780565979396,0.08333333333333333,0.25529027089925227,27,0.052531759987900335,0.0,0.08644545129085522,27,0.09301504213784915,0.0,0.1362807652466927,27,0.2003391318449798,0.08333333333333333,0.22238856623202963,27,0.040713845392207966,0.0,0.0928302802124075,27,0.07407407407407407,0.0,0.26688025634181184,27,0.14814814814814814,0.0,0.3620139928982457,27,0.0,0.0,0.0,27,1.0,1.0,0.0,27,0.0,0.0,0.0,27,0.0433507456745018,0.027902379053694845,0.036770625279542224,27,1.7878661695376403,1.0,3.6890202076502736,27,0.12525689564407047,0.1,0.1206135547451013,27,0.2733651808267184,0.2857142857142857,0.21018149784372087,27,0.45271759036608367,0.42857142857142855,0.17397195160775378,27,0.5028059180634651,0.5093632958801498,0.07248877135150054,27,0.5346647610078439,0.5403225806451613,0.12364840463849969,27,8.198577850614818,8.577462580600864,2.0056567243787713,27,0.25891856591336077,0.25274725274725274,0.19150021945593396,27,0.06098683332960578,0.054945054945054944,0.04278838671198806,27,0.015161379952374635,0.01092896174863388,0.01285428113564069,27,0.2590047598735694,0.2553191489361702,0.06957767379768318,27,28.89921710694198,18.36842105263158,51.892174597774385,27,0.42585716555539693,0.4166666666666667,0.25111248840650635,27,0.13551662954863317,0.04,0.21818726365627658,27,0.13551662954863317,0.04,0.21818726365627658,27,0.0,0.0,0.0,27,0.0,0.0,0.0,27,0.07325955151275386,0.0,0.23544511655274136,27,16.153646544030664,12.47101941747573,18.53931529019525,27
2.0,0.4299354255995123,0.4494949494949495,0.21656548858323282,50,0.11367996640442461,0.05964912280701754,0.1421167691293912,50,0.18802798508680862,0.14285714285714285,0.18166997792733486,50,0.3536116862154014,0.36038961038961037,0.1794227886619826,50,0.11808824062074835,0.08012820512820512,0.12536492111847472,50,0.04,0.0,0.1979486637221574,50,0.24,0.0,0.43141911058689997,50,0.0,0.0,0.0,50,1.0,1.0,0.0,50,0.0,0.0,0.0,50,0.03791334871057192,0.032566982750929244,0.025290751666317425,50,1.3894886804091946,1.1846590909090908,0.9533362288614338,50,0.22069983525246684,0.18181818181818182,0.19278562507606456,50,0.2950801625462078,0.3035714285714286,0.18989255654360784,50,0.43340747236793853,0.416845621570031,0.1210294692052008,50,0.4847993415311266,0.48791296556023067,0.04799504946083731,50,0.5506004805503709,0.556294225062771,0.06383860411573662,50,8.564738188647777,8.56475976547441,1.0192661745106126,50,0.21047833857934864,0.19743509784049273,0.09872522445226428,50,0.056658732902821855,0.05007522028798625,0.02659721922328922,50,0.011737146702947789,0.00950988666505908,0.010832945491758087,50,0.23925778986976487,0.24104030334536114,0.055674941087031804,50,22.943636882034074,19.486263736263737,10.94569633666793,50,0.4995423572740506,0.45454545454545453,0.24958363893316152,50,0.12684578782519285,0.06458333333333333,0.17435138975764922,50,0.12684578782519285,0.06458333333333333,0.17435138975764922,50,0.012899425112235154,0.0,0.06460675538153003,50,0.009950248756218905,0.0,0.07035888370015397,50,0.023916342425928237,0.0,0.09766799393241112,50,13.371873751615949,13.024357087180718,4.512457787573203,50
2.5,0.5149563747839508,0.5,0.17692427741185268,240,0.15699301743864436,0.1213235294117647,0.16618168480537057,240,0.16750692769854306,0.125,0.1570804229359285,240,0.4417573893487431,0.42857142857142855,0.17794274385555972,240,0.11122261759853602,0.08514492753623187,0.1156668044811836,240,0.025,0.0,0.15645123025306878,240,0.3125,0.0,0.4644810844633694,240,0.0,0.0,0.0,240,1.0,1.0,0.0,240,0.0,0.0,0.0,240,0.036981139867032706,0.03144811815864447,0.025113006482322307,240,1.282675131365564,1.1666666666666667,0.5760233028434971,240,0.20705413308482082,0.2,0.1338324615471583,240,0.30377836642081874,0.3076923076923077,0.18472273005709702,240,0.42093714270353905,0.4136288318144159,0.1081509150796091,240,0.49939040479987507,0.49811066126855597,0.043618791349758684,240,0.5597992919016637,0.5616412572934313,0.05944199450630391,240,8.85968541662499,8.803346773752592,0.9993375026277939,240,0.19686367442598562,0.18027777777777776,0.10090272228435562,240,0.048766963911946064,0.04597701149425287,0.019185300084335055,240,0.016477040304255015,0.013358608385370205,0.013718347871882064,240,0.2572650392098938,0.2564808633733867,0.05049087116586529,240,21.19067339437674,19.791443850267378,8.364672581437295,240,0.4572563946084404,0.4375,0.22695129615073437,240,0.10355320243171764,0.0625,0.16118348008738373,240,0.10355320243171764,0.0625,0.16118348008738373,240,0.013354881318196942,0.0,0.08249320625729577,240,0.01802026938218952,0.0,0.0901223044587302,240,0.06178401480184286,0.0,0.21832582496826705,240,13.300372321017928,12.97901215277778,3.373741848447903,240
3.0,0.4985343220628677,0.5,0.18122056093794753,352,0.12442788704468782,0.08333333333333333,0.1504388465350738,352,0.20625534918764998,0.16666666666666666,0.17254717835694297,352,0.40244531294704466,0.38461538461538464,0.18446000077304114,352,0.12748226870252882,0.1,0.1270204972924266,352,0.13068181818181818,0.0,0.3375318339471685,352,0.42613636363636365,0.0,0.495218002743105,352,0.26704545454545453,0.0,0.44304607129487256,352,1.84375,1.0,1.414622708501248,352,0.09447796326924317,0.0,0.16975017818645138,352,0.036786782342372426,0.030893771830844335,0.02413195430466257,352,1.3354079744721237,1.2052631578947368,1.0648900118944502,352,0.21747502874268546,0.2,0.1365108598923258,352,0.32259539061625325,0.3333333333333333,0.18414598057026402,352,0.4232196890322226,0.4206103494029191,0.10578564376192615,352,0.4994111380687162,0.5,0.045278457063507194,352,0.5550912662966005,0.5553368328958881,0.05962144233918376,352,8.93718323115121,8.969721516005162,0.9785674170382492,352,0.19984658992891635,0.19214340198321891,0.09776923227922091,352,0.04873166575940712,0.04424778761061947,0.019791685471173878,352,0.0160817768125905,0.012779683161848767,0.01370796903221543,352,0.2580149597420469,0.2537796081856375,0.055355200983636096,352,21.437520193964684,19.654761904761905,14.769592810381623,352,0.4435266094331716,0.42857142857142855,0.22345830636793243,352,0.09706057724886442,0.06066176470588235,0.155252212964506,352,0.09706057724886442,0.06066176470588235,0.155252212964506,352,0.0169433716774431,0.0,0.0851848747124489,352,0.01702014585184194,0.0,0.07962885559170771,352,0.052105848051241924,0.0,0.19690930364916553,352,13.460637496755453,12.872994546594065,5.657825735875667,352
3.5,0.5183180894386346,0.5,0.17989782088392633,457,0.13851778862914865,0.1,0.1518105617766598,457,0.1764863347948943,0.14285714285714285,0.15368345019469376,457,0.44504676193213605,0.4444444444444444,0.17264483840480124,457,0.1205003712559758,0.08333333333333333,0.12428692631159478,457,0.01312910284463895,0.0,0.11395237331281506,457,0.31291028446389496,0.0,0.46418630306269865,457,0.0,0.0,0.0,457,1.0,1.0,0.0,457,0.0,0.0,0.0,457,0.03652672931336708,0.03225323149236193,0.02465127160292523,457,1.2672440219340955,1.1818181818181819,0.4667220401616859,457,0.21621233178760615,0.21428571428571427,0.12334286539973158,457,0.321205998566919,0.3125,0.1779500306288348,457,0.43014785618141216,0.4268292682926829,0.10818323171595287,457,0.495146942206635,0.49433962264150944,0.04155705461461001,457,0.5415663080409856,0.5405405405405406,0.060379132998441325,457,9.099580592440875,9.12607095647747,0.9830663691607197,457,0.21160401778063234,0.19863013698630136,0.09769710971908507,457,0.047818050743897465,0.04411764705882353,0.018550771781970357,457,0.015132543090837919,0.013157894736842105,0.011051305927357976,457,0.25988782792233955,0.2579710144927536,0.04913749945752341,457,21.247849939942885,20.61111111111111,5.520496955103234,457,0.4972999144240037,0.5,0.21753979164148562,457,0.09208368899370283,0.06666666666666667,0.1185601029545642,457,0.09208368899370283,0.06666666666666667,0.1185601029545642,457,0.017276713754816264,0.0,0.09006895789054326,457,0.0193368603985381,0.0,0.08139262935217885,457,0.02878268450211259,0.0,0.1529432451764079,457,13.392941109583225,13.247784232365145,2.354744648696835,457
4.0,0.5176025388783978,0.5,0.17651864258180172,543,0.13654768590358612,0.1,0.15252439018143965,543,0.22759087001824424,0.2,0.18839062620837882,543,0.405712162601081,0.4,0.17239363065371505,543,0.1372587702533643,0.1111111111111111,0.1296357886865182,543,0.13075506445672191,0.0,0.3374431493011554,543,0.4585635359116022,0.0,0.498739517379155,543,0.2946593001841621,0.0,0.45630982541712056,543,1.996316758747698,1.0,1.623167506934307,543,0.11942068479402017,0.0,0.20077086691013968,543,0.036498779950771006,0.03124234196602618,0.02288564294974655,543,1.334019599847736,1.2307692307692308,0.5722344399672891,543,0.23345038759743172,0.23076923076923078,0.12878077625220766,543,0.3391934845991527,0.3333333333333333,0.18346278023824844,543,0.42935567786753837,0.42528735632183906,0.10719627877271776,543,0.5007941085497135,0.501432664756447,0.04299239941173049,543,0.5456170669844329,0.5486381322957199,0.05611468676220805,543,9.212897750437223,9.231861823449954,1.026708075899195,543,0.20553990511630402,0.19886363636363635,0.09432692780704831,543,0.04650070917299012,0.043795620437956206,0.018171329045152177,543,0.014801968063342717,0.012605042016806723,0.011053070852226217,543,0.2612507639690694,0.25806451612903225,0.05197080228280482,543,21.664765205509894,20.88235294117647,6.2204459841711,543,0.5016610647398849,0.5,0.2096487901926974,543,0.10108022564550254,0.06666666666666667,0.1314591409600831,543,0.10108022564550254,0.06666666666666667,0.1314591409600831,543,0.013797622531947397,0.0,0.07343462600528096,543,0.011596395839000101,0.0,0.0679595023103205,543,0.022873152060587848,0.0,0.13046401492408294,543,13.614752957554378,13.49750364963504,2.655846014291269,543
4.5,0.5160426944012039,0.5384615384615384,0.18375579876352213,299,0.13418296249490813,0.09090909090909091,0.13919494765346246,299,0.15973737463067153,0.125,0.1414433270659804,299,0.45029079325713783,0.46153846153846156,0.18495135206976374,299,0.10988468311212207,0.08333333333333333,0.11491008440302503,299,0.033444816053511704,0.0,0.18009646780635405,299,0.2809364548494983,0.0,0.4502100098792156,299,0.04013377926421405,0.0,0.19660196091682391,299,1.1538461538461537,1.0,0.8251968992674784,299,0.014818292007667521,0.0,0.07604486152466026,299,0.03455739534190726,0.027612433862433863,0.025377813854446055,299,1.4470465582238357,1.2307692307692308,1.334243584688681,299,0.2175428341899678,0.21052631578947367,0.13298665030537146,299,0.33504948407542573,0.3333333333333333,0.17996609400484792,299,0.42089266113284296,0.4246575342465753,0.11081726564842198,299,0.4953488427292628,0.4973544973544973,0.043264879589031593,299,0.5427347729959486,0.5468164794007491,0.05792289820336939,299,9.295894097797166,9.267416976784999,1.0951457646718932,299,0.19887171891171726,0.18691588785046728,0.09627376982199887,299,0.045085509080147336,0.041916167664670656,0.018579880853645404,299,0.016488827709679715,0.0149812734082397,0.010801384016227104,299,0.2601381668293715,0.2594142259414226,0.049315640205413215,299,23.854372490524494,20.46153846153846,25.133529976541773,299,0.5022781742317688,0.5,0.19749535917629107,299,0.10573736268077728,0.07142857142857142,0.15048536266959628,299,0.10573736268077728,0.07142857142857142,0.15048536266959628,299,0.015110426665604304,0.0,0.07200075064490453,299,0.011374202444502227,0.0,0.06179293874873357,299,0.015434112135721425,0.0,0.08168506402866156,299,14.500813895014739,13.477966269841271,9.772547767029863,299
5.0,0.5072645482339182,0.5313725490196078,0.1933097856436949,368,0.13124078426993685,0.0967741935483871,0.1390976330691102,368,0.192622379630709,0.16666666666666666,0.16043125808055467,368,0.4176416280082577,0.42857142857142855,0.19524893992082212,368,0.1225338421067463,0.09523809523809523,0.1162889256011941,368,0.08423913043478261,0.0,0.2781242491660403,368,0.3858695652173913,0.0,0.4874627680580972,368,0.1875,0.0,0.39084377388648656,368,1.690217391304348,1.0,1.633008275823037,368,0.07610868340268735,0.0,0.16944886879205406,368,0.03509664111971891,0.030761412541331405,0.02276919157023357,368,1.3987639426800045,1.2970588235294118,0.8753713242118526,368,0.22909807267472262,0.23076923076923078,0.12514289403771456,368,0.34309037018242156,0.3333333333333333,0.1694387782174618,368,0.44231072508119385,0.4434659090909091,0.10217960692699161,368,0.48934815161614603,0.4877501070794836,0.04176027271575852,368,0.5346705435003972,0.5326386650911304,0.051219814658490403,368,9.136968901734935,9.072929679656719,0.9599568871033447,368,0.21125986858362092,0.20120364346128822,0.09316321525246701,368,0.04645683007800517,0.043795620437956206,0.01726572290702749,368,0.01463406967433097,0.011605459279877883,0.011751232378629886,368,0.2541379453004392,0.2554419264945581,0.04702637647058225,368,22.83724815334785,21.074175824175825,15.064813824183846,368,0.5181537616242554,0.5,0.2006460920315691,368,0.11147934307442232,0.07692307692307693,0.14004397385378645,368,0.11147934307442232,0.07692307692307693,0.14004397385378645,368,0.012190859943667271,0.0,0.06220136325709688,368,0.009402752176692728,0.0,0.05682161961371952,368,0.026135551962694067,0.0,0.12650418243304373,368,13.829010062944468,13.3166510172144,5.965395609793122,368
5.5,0.5293795490509889,0.5384615384615384,0.16944002764061458,886,0.14100207410832394,0.09523809523809523,0.15282233598532557,886,0.20340724421779433,0.16954022988505746,0.17041850775130643,886,0.43951129448029763,0.4444444444444444,0.17055755689880933,886,0.13103472796090584,0.10526315789473684,0.12629260024243305,886,0.07787810383747178,0.0,0.26813103052671045,886,0.42099322799097066,0.0,0.4939973306263431,886,0.13882618510158012,0.0,0.3459603504804072,886,1.518058690744921,1.0,1.4672357887634624,886,0.057802504957102895,0.0,0.15508143097691146,886,0.034098266102183625,0.028787307510302763,0.02325734868804956,886,1.3514468144573393,1.2857142857142858,0.5462350714770652,886,0.24750632864580924,0.24404761904761904,0.1275359079188341,886,0.341692649216327,0.3333333333333333,0.18278465547435016,886,0.4239591188938903,0.4192362428842505,0.10366367822310893,886,0.4993029185337261,0.49753984254992323,0.042610067540556254,886,0.5441016514607124,0.5444824961948249,0.054736491369303454,886,9.334062724984761,9.34640708758401,0.9297584301343997,886,0.201849657638137,0.19453765846383297,0.09427591830085626,886,0.044762682188667226,0.04181235431235431,0.017392011651933326,886,0.016844485102093038,0.01477652350488002,0.012166249284755811,886,0.26573289636420866,0.26306683664177744,0.049623408199152216,886,21.542897317230587,20.53589743589744,7.069581101077795,886,0.4975623075834093,0.5,0.19540870263959978,886,0.09517979291249319,0.06666666666666667,0.13146288851313656,886,0.09517979291249319,0.06666666666666667,0.13146288851313656,886,0.01260644085295244,0.0,0.07218411506874196,886,0.006234231075902174,0.0,0.049239460210968,886,0.01592252808317845,0.0,0.10092291290943652,886,13.647243880813177,13.373834027304616,2.9647454963451865,886
6.0,0.5306309434209833,0.5333333333333333,0.16613769173890225,1604,0.12993562942168285,0.1,0.13567977598369851,1604,0.17624621911958196,0.15384615384615385,0.14515274003276915,1604,0.45598176967148385,0.45454545454545453,0.16842454253058922,1604,0.12352579816038091,0.1,0.11541515672009628,1604,0.043017456359102244,0.0,0.20295969058414026,1604,0.3721945137157107,0.0,0.4835406140745452,1604,0.05798004987531172,0.0,0.23377860527209698,1604,1.2026184538653366,1.0,0.8620179007386479,1604,0.02387878295384154,0.0,0.1049638349034689,1604,0.03309387392184547,0.027988944676413635,0.02279363762748392,1604,1.3593332472755257,1.2857142857142858,0.6204116658301276,1604,0.24598622350198415,0.23669467787114845,0.12414440453522571,1604,0.3416060584284611,0.3333333333333333,0.16864933764867074,1604,0.4201524680380885,0.4166666666666667,0.10314774492796296,1604,0.49933684761058855,0.49828178694158076,0.04040535929511352,1604,0.5433683744987041,0.5442665642076503,0.05343246163073027,1604,9.377231774866525,9.406620699746927,0.9156132333382514,1604,0.197933908211732,0.18869130869130868,0.09318895935588573,1604,0.04438122104273082,0.040697674418604654,0.018433623212077734,1604,0.015702065507646704,0.013559322033898305,0.010990940497526339,1604,0.26585784383723493,0.2631578947368421,0.04726372147311456,1604,21.743062849634462,20.848076923076924,8.447066602448997,1604,0.5158758290377737,0.5,0.19573842990200843,1604,0.09456510176661842,0.06666666666666667,0.12467465460958509,1604,0.09456510176661842,0.06666666666666667,0.12467465460958509,1604,0.009948115811176715,0.0,0.06475854052404409,1604,0.004845286499080645,0.0,0.041302271354346026,1604,0.0062274812327964444,0.0,0.058036788841648194,1604,13.730932568081608,13.501664313946925,3.494279753780618,1604
6.5,0.5316915227857191,0.5333333333333333,0.1626101553819232,1516,0.12488645672503831,0.09090909090909091,0.13025826187056774,1516,0.18316313056651132,0.16666666666666666,0.14813844043167473,1516,0.4548633643902877,0.45454545454545453,0.16139857508026906,1516,0.13093748894776536,0.1111111111111111,0.1184406617371989,1516,0.056068601583113456,0.0,0.23013006634494967,1516,0.3937994722955145,0.0,0.4887525138841788,1516,0.08443271767810026,0.0,0.27812741593827783,1516,1.2836411609498681,1.0,0.9667864842523609,1516,0.03381394604510553,0.0,0.1200397619093903,1516,0.03151431406095247,0.027422000463742754,0.021560187342238565,1516,1.3417334867279818,1.2727272727272727,0.4606154437105892,1516,0.2475795918169936,0.25,0.12230033944936834,1516,0.34090497131957437,0.3333333333333333,0.16852062312649455,1516,0.417324897778002,0.4161282254366585,0.09857293342641427,1516,0.502714254964607,0.502771125030705,0.04246478388509194,1516,0.545815102593264,0.5468513972809668,0.05220327767942397,1516,9.49646800513195,9.53663387981853,0.9065106203039813,1516,0.19172170436481759,0.1836734693877551,0.08759142599579016,1516,0.04270435401504691,0.0392156862745098,0.017365781846849417,1516,0.01643555364669447,0.013995808113455173,0.011773616603518035,1516,0.2732408855288594,0.27044258433161245,0.04935357507060454,1516,21.61516936541493,21.0,4.873600261743879,1516,0.522544240648423,0.5,0.18951271108904372,1516,0.09079300640413239,0.06666666666666667,0.11859456572221305,1516,0.09079300640413239,0.06666666666666667,0.11859456572221305,1516,0.009463893220183978,0.0,0.05520692447709389,1516,0.004415836813494823,0.0,0.03852253957916676,1516,0.006727214309495055,0.0,0.06061728645291272,1516,13.880245884410412,13.780719280719282,2.1642303225731747,1516
7.0,0.5344012162162913,0.5333333333333333,0.1635767213617651,1349,0.13309447290701185,0.1,0.13070530997277655,1349,0.18468900370627006,0.15384615384615385,0.1520555166805754,1349,0.4575613674980998,0.45454545454545453,0.16742784628955795,1349,0.1239151724883684,0.09090909090909091,0.11691419135082386,1349,0.04595997034840623,0.0,0.20947596378902364,1349,0.346182357301705,0.0,0.47592860904249273,1349,0.1467753891771683,0.0,0.35401310239013445,1349,2.736842105263158,1.0,5.915802590297054,1349,0.052645547068559645,0.0,0.13927059680911053,1349,0.031991114377124645,0.028706589304415397,0.020155635943622303,1349,1.3017536574743025,1.25,0.4201791999478951,1349,0.2402555460923632,0.23076923076923078,0.12046382211123098,1349,0.336956747239756,0.3333333333333333,0.16649978498913612,1349,0.4130919292808925,0.4152046783625731,0.09944258114738128,1349,0.5080823756960253,0.5084745762711864,0.039975664385921116,1349,0.5487703422048094,0.5505226480836237,0.049592107531182,1349,9.59154392844335,9.600027870639588,0.8975222593245027,1349,0.19211123272463146,0.18497109826589594,0.08581148703688465,1349,0.04307655607275391,0.03968253968253968,0.017120929827748453,1349,0.016082025183622374,0.014084507042253521,0.011170095165836141,1349,0.27778771279044934,0.2744360902255639,0.04846398789430424,1349,21.728475556657738,21.166666666666668,4.198574408255892,1349,0.5379663168169272,0.5333333333333333,0.18632179525306028,1349,0.08865035567710612,0.06666666666666667,0.11426595397635254,1349,0.08865035567710612,0.06666666666666667,0.11426595397635254,1349,0.011344149030098134,0.0,0.06651478866495805,1349,0.003833269459911139,0.0,0.03747075636043307,1349,0.0015008395273633198,0.0,0.028276443387270943,1349,14.058379809292022,13.888320610687025,2.032081062349917,1349
7.5,0.5369400911850092,0.5333333333333333,0.15744696394380528,849,0.12206889263876114,0.09090909090909091,0.11873970889887411,849,0.20668148809251125,0.16666666666666666,0.17201800009764817,849,0.4418542490251313,0.4375,0.15618930897939495,849,0.1386157637976652,0.1,0.13064282227008747,849,0.08716136631330977,0.0,0.28223764510957583,849,0.42638398115429915,0.0,0.4948425026052262,849,0.18845700824499412,0.0,0.3913071928792743,849,1.6171967020023557,1.0,1.3042876173823916,849,0.059574239843815234,0.0,0.1350082695920929,849,0.02654849807564898,0.0229142060647437,0.01845395105528541,849,1.32272265402905,1.2777777777777777,0.40025027198250235,849,0.25952887269916,0.25,0.11604044523831085,849,0.3512206597579997,0.35,0.17351022967087568,849,0.39263388420469053,0.3902439024390244,0.09507567805328085,849,0.5190101088708597,0.5151515151515151,0.04771982118535836,849,0.5639302534334163,0.563953488372093,0.05151966104477619,849,9.839083832333644,9.84663268832573,0.9324360144744,849,0.171036710969157,0.16541353383458646,0.0819088770599405,849,0.03898393954514509,0.036231884057971016,0.015700030464945662,849,0.016722424498337413,0.015037593984962405,0.010900755634761467,849,0.29278610591364435,0.2852760736196319,0.05633008771360375,849,21.382337510148794,21.1875,3.8151766627699817,849,0.5271197394822146,0.5333333333333333,0.18019012615392865,849,0.07905972635784862,0.0625,0.09832868571781893,849,0.07905972635784862,0.0625,0.09832868571781893,849,0.009936088978654436,0.0,0.05642341102094822,849,0.0031444180440433653,0.0,0.032487145156946326,849,0.0032617700053524596,0.0,0.04112517294539648,849,14.357646602274752,14.214755567626291,2.045262193552537,849
8.0,0.5474141170228155,0.5384615384615384,0.1656016153282304,644,0.1425836451653754,0.1,0.15312865346381033,644,0.2228998126825092,0.1863425925925926,0.18172297878407337,644,0.44046707031771076,0.42857142857142855,0.17465035513905286,644,0.12779570035664334,0.09090909090909091,0.12892938599975365,644,0.12422360248447205,0.0,0.3300928560656397,644,0.4658385093167702,0.0,0.499219370718966,644,0.40217391304347827,0.0,0.49071781700693784,644,4.821428571428571,1.0,7.3275364544300965,644,0.134941510973501,0.0,0.1788927382053689,644,0.026094221256752478,0.02360311835495659,0.017192345168402196,644,1.314234218149449,1.2666666666666666,0.41986456233774966,644,0.2505584560159056,0.25,0.11226309855298472,644,0.32827535052602597,0.3333333333333333,0.16507061408519158,644,0.37914969074695143,0.3726662299377661,0.09332698618330554,644,0.532478327244494,0.5284726019558224,0.05243502052137069,644,0.5782784861136242,0.575707735247209,0.05808211747988742,644,10.10601141805445,10.028382487453866,1.0165744613970866,644,0.16633242915351024,0.16233766233766234,0.07785307308012783,644,0.03725078224235032,0.034482758620689655,0.014985607789694343,644,0.01778126843502975,0.015873015873015872,0.012122680214903614,644,0.30464359638591965,0.2961774653356085,0.06020220149830449,644,21.875071806083707,21.60769230769231,3.753613335462198,644,0.5626043886507466,0.5714285714285714,0.17336499454300283,644,0.07763186403177125,0.058823529411764705,0.10449089241077392,644,0.07763186403177125,0.058823529411764705,0.10449089241077392,644,0.009090344971217223,0.0,0.060666629533296317,644,0.0,0.0,0.0,644,0.0008271249714011027,0.0,0.014985660460676425,644,14.877875235529949,14.84158800004637,2.0189598285946206,644
8.5,0.5121052170230489,0.5108695652173914,0.14883944703991353,234,0.09343185887616326,0.07692307692307693,0.09818629552300284,234,0.1736950925916826,0.16228070175438597,0.1279899157931812,234,0.4077395748638571,0.40588235294117647,0.16004401423577955,234,0.13151851532007752,0.10526315789473684,0.12285762287139476,234,0.16666666666666666,0.0,0.3734768781876229,234,0.47863247863247865,0.0,0.5006140538098602,234,0.2777777777777778,0.0,0.4488633448352308,234,1.8675213675213675,1.0,1.4155681951047479,234,0.10902021007961694,0.0,0.18854703196829836,234,0.02100458291382572,0.01759425121494087,0.015590084463962386,234,1.355882767244893,1.3229166666666665,0.3835873198736165,234,0.2817218542657355,0.27525252525252525,0.11024550609769286,234,0.3344184249578952,0.3333333333333333,0.14078942628740082,234,0.360870310992875,0.3531172948221205,0.08980684187987757,234,0.5142642547174249,0.5146511849697202,0.04433150752404866,234,0.5773695056926779,0.5747670807453416,0.050102743082720815,234,10.096277647537754,10.117196816995119,0.903028344751966,234,0.13632423843678257,0.12459150326797386,0.07351532318096636,234,0.03357431877121652,0.031088082901554404,0.01575031228743267,234,0.01570692091420918,0.013315602836879433,0.010824434205051428,234,0.2901921561375951,0.2828785165880776,0.052652307655266496,234,21.62202101170673,20.82142857142857,3.8228738060299046,234,0.5315230096810512,0.5333333333333333,0.17877061537316657,234,0.08521781705919321,0.0625,0.10753971904558636,234,0.08521781705919321,0.0625,0.10753971904558636,234,0.012695084563767198,0.0,0.07910708916802153,234,0.0,0.0,0.0,234,0.0009846784040332427,0.0,0.015062683190336712,234,14.381026457164825,14.325595729013257,1.8547084331264572,234
9.0,0.5315361283779422,0.5384615384615384,0.17949127977677537,241,0.15602310368838718,0.13333333333333333,0.1348090030271426,241,0.2730351980227502,0.25,0.18860205247848172,241,0.3931654255387773,0.3870967741935484,0.20050082234360445,241,0.13437419272901568,0.1,0.12752366926399056,241,0.2987551867219917,0.0,0.45866484930001183,241,0.44398340248962653,0.0,0.49788626518182655,241,0.8049792531120332,1.0,0.3970412704003282,241,8.697095435684647,4.0,9.630439581262845,241,0.4106076659688619,0.32307461793588416,0.41555338463031744,241,0.0388179530365785,0.034152793019788096,0.023107331207120316,241,1.1925022041441973,1.1666666666666667,0.3699714557301045,241,0.20872024643411746,0.2,0.12130363262606757,241,0.32112372867366895,0.3076923076923077,0.18314932195667588,241,0.4350176884175084,0.4298245614035088,0.10509901971348225,241,0.5144758687826024,0.5129151291512916,0.04379716992850978,241,0.5432950940645409,0.5447470817120622,0.05803790438767136,241,9.42634323360452,9.536186288074669,0.9290361525820671,241,0.2191198590303649,0.216,0.0883023622454899,241,0.0485788324583969,0.045454545454545456,0.020141770671236868,241,0.014942260424661114,0.013333333333333334,0.01051230477734748,241,0.28066485315470946,0.27927927927927926,0.052973487204912004,241,22.171232020914445,21.666666666666668,4.8419541948031055,241,0.5602031962270054,0.5454545454545454,0.1834192592188299,241,0.09414713276832742,0.07142857142857142,0.1151201375126855,241,0.09414713276832742,0.07142857142857142,0.1151201375126855,241,0.009961831403003558,0.0,0.05415832062343432,241,0.010814695962604067,0.0,0.05905135519774654,241,0.008389364217816407,0.0,0.07075295981004114,241,14.27243220376634,14.176263610315186,2.1070591423678824,241
