TSNE1,TSNE2,target_band_rounded,target_band_group_pr
-27.579004,6.207338,6.5,upper_mid_6_5_7
9.806519,-32.827034,2.5,low_0_4
16.466124,14.367802,3.5,low_0_4
-12.427543,3.1974664,5.5,mid_5_5_6
-5.988993,6.5767584,6.5,upper_mid_6_5_7
13.674424,-3.5832613,6.0,mid_5_5_6
-19.457546,-28.760798,8.0,high_7_5_8
-7.052556,7.626811,5.5,mid_5_5_6
7.6321454,5.0649214,5.5,mid_5_5_6
10.854881,30.723244,4.0,low_0_4
-30.015821,-8.407152,7.5,high_7_5_8
-4.4283953,9.804075,5.5,mid_5_5_6
29.309187,-13.948447,4.0,low_0_4
-11.830006,-28.850115,7.5,high_7_5_8
19.927511,-25.600477,8.5,very_high_8_5_9
-24.60006,26.849632,6.5,upper_mid_6_5_7
5.803915,-30.713707,4.5,lower_mid_4_5_5
23.665594,-17.870485,3.0,low_0_4
8.005277,19.844746,6.0,mid_5_5_6
-8.434749,11.736116,6.0,mid_5_5_6
-7.898484,-16.458263,7.0,upper_mid_6_5_7
5.318794,11.079852,6.0,mid_5_5_6
8.645606,21.814207,6.0,mid_5_5_6
12.7859955,-17.857813,7.0,upper_mid_6_5_7
-4.2624407,16.225119,4.5,lower_mid_4_5_5
-22.60455,-8.251405,7.5,high_7_5_8
8.973794,-14.084199,7.0,upper_mid_6_5_7
60.11922,-17.07639,9.0,very_high_8_5_9
5.185841,7.7139006,6.5,upper_mid_6_5_7
-2.323962,43.934387,5.0,lower_mid_4_5_5
-27.296783,5.7157545,8.5,very_high_8_5_9
-16.823385,21.268103,6.0,mid_5_5_6
32.750553,-6.1458254,7.5,high_7_5_8
9.384806,-12.009623,7.0,upper_mid_6_5_7
56.08942,-15.723135,9.0,very_high_8_5_9
-33.667366,-0.31916445,7.0,upper_mid_6_5_7
-17.618364,-20.604101,8.5,very_high_8_5_9
-8.649667,0.013904055,5.5,mid_5_5_6
-18.392553,-1.3680022,2.5,low_0_4
-23.2258,-18.676777,6.5,upper_mid_6_5_7
-26.551912,-1.924472,6.0,mid_5_5_6
24.588541,13.9902935,6.5,upper_mid_6_5_7
-26.228945,1.915119,5.5,mid_5_5_6
43.423225,-11.487244,6.0,mid_5_5_6
55.6058,-19.893839,7.0,upper_mid_6_5_7
-10.30675,-12.892872,4.0,low_0_4
-26.923561,22.514378,8.5,very_high_8_5_9
-13.821881,-23.68268,7.0,upper_mid_6_5_7
32.78593,-11.734229,6.0,mid_5_5_6
-6.341839,3.7183237,6.5,upper_mid_6_5_7
0.9736604,-5.2282314,6.0,mid_5_5_6
19.87643,2.2706687,5.5,mid_5_5_6
-10.976248,-1.1389184,2.5,low_0_4
-18.137327,22.52911,4.0,low_0_4
-37.828167,5.6308517,5.0,lower_mid_4_5_5
-14.173847,24.539034,6.5,upper_mid_6_5_7
-13.804223,-24.069273,7.0,upper_mid_6_5_7
19.319191,15.341292,6.0,mid_5_5_6
12.049963,29.05417,3.0,low_0_4
-2.9467223,45.039288,7.0,upper_mid_6_5_7
-2.3406513,-17.059599,5.5,mid_5_5_6
-33.4536,-5.2649884,6.5,upper_mid_6_5_7
-16.871145,-24.085814,7.0,upper_mid_6_5_7
-13.480517,-3.0915275,8.0,high_7_5_8
18.46753,-14.984609,5.5,mid_5_5_6
-17.241072,0.64762205,6.5,upper_mid_6_5_7
37.1133,-20.704113,9.0,very_high_8_5_9
-13.281369,-3.8447747,6.5,upper_mid_6_5_7
28.202116,12.860046,6.5,upper_mid_6_5_7
-29.338058,-6.657651,8.5,very_high_8_5_9
3.7090492,14.3296585,6.0,mid_5_5_6
11.932709,-26.187826,3.5,low_0_4
2.6105554,17.878626,6.5,upper_mid_6_5_7
45.322758,0.34537506,8.0,high_7_5_8
-27.733967,-5.4715967,7.5,high_7_5_8
2.5400655,-21.472725,5.0,lower_mid_4_5_5
39.41294,-6.4219265,6.5,upper_mid_6_5_7
9.57441,-13.126573,6.5,upper_mid_6_5_7
-4.2771587,7.4915967,6.5,upper_mid_6_5_7
10.631517,28.978819,3.5,low_0_4
9.203415,3.9848998,6.0,mid_5_5_6
5.1835318,-5.5216327,4.0,low_0_4
-29.410858,3.2968912,5.5,mid_5_5_6
-4.3140283,27.876217,3.0,low_0_4
-5.8239474,-10.062473,8.0,high_7_5_8
44.810966,-1.2670497,8.0,high_7_5_8
-32.801994,-5.3716183,7.5,high_7_5_8
4.460613,12.611579,7.0,upper_mid_6_5_7
-17.859232,5.6763053,3.0,low_0_4
-25.817574,-11.259244,5.5,mid_5_5_6
-8.947106,11.098422,6.5,upper_mid_6_5_7
23.307022,2.5111358,5.5,mid_5_5_6
-14.995484,-15.283842,7.0,upper_mid_6_5_7
-35.224255,7.1731205,5.5,mid_5_5_6
3.1334639,-23.218956,4.0,low_0_4
-9.467011,9.143871,7.0,upper_mid_6_5_7
-21.672886,18.235376,6.0,mid_5_5_6
5.992318,-17.721365,5.0,lower_mid_4_5_5
8.588033,28.365662,7.0,upper_mid_6_5_7
22.384947,6.8656,7.5,high_7_5_8
4.890919,-14.1586685,5.0,lower_mid_4_5_5
-12.374164,-14.775812,6.0,mid_5_5_6
-10.579039,-37.177174,5.5,mid_5_5_6
12.103188,5.840631,6.5,upper_mid_6_5_7
9.519839,2.7961118,6.0,mid_5_5_6
42.567986,-19.790508,9.0,very_high_8_5_9
-25.565489,21.368168,7.0,upper_mid_6_5_7
-12.277537,-24.738209,6.0,mid_5_5_6
25.9852,27.129013,7.0,upper_mid_6_5_7
-16.231949,-22.859102,6.5,upper_mid_6_5_7
-4.399049,-3.4263387,7.5,high_7_5_8
7.218409,-13.926033,4.0,low_0_4
12.050231,3.1237698,7.0,upper_mid_6_5_7
31.671944,-15.365504,4.0,low_0_4
14.891739,-1.6954058,7.0,upper_mid_6_5_7
-8.217629,-12.156701,6.0,mid_5_5_6
4.637581,3.1227992,6.0,mid_5_5_6
14.081058,2.7807322,7.0,upper_mid_6_5_7
18.277063,0.8328864,6.5,upper_mid_6_5_7
-15.150932,25.996023,8.0,high_7_5_8
49.306087,-7.8583727,7.5,high_7_5_8
-23.115032,-13.420602,7.0,upper_mid_6_5_7
12.367417,20.59284,5.5,mid_5_5_6
4.810638,13.674532,7.0,upper_mid_6_5_7
8.745193,-6.0569487,6.0,mid_5_5_6
-6.7143726,-33.747257,3.0,low_0_4
-4.851559,5.255921,6.5,upper_mid_6_5_7
-38.24158,-3.1690836,7.5,high_7_5_8
-11.290674,12.824948,7.0,upper_mid_6_5_7
-36.546825,12.97681,7.0,upper_mid_6_5_7
-8.993549,-14.940925,6.5,upper_mid_6_5_7
37.750725,25.485836,3.0,low_0_4
1.3947045,-16.785784,7.0,upper_mid_6_5_7
10.879909,7.546346,6.0,mid_5_5_6
21.343098,16.100899,4.5,lower_mid_4_5_5
-0.9518154,-3.3995366,7.0,upper_mid_6_5_7
2.6780794,-22.647293,6.0,mid_5_5_6
15.804846,-5.174833,6.5,upper_mid_6_5_7
-16.15286,-19.76157,7.0,upper_mid_6_5_7
11.968206,-26.06371,3.0,low_0_4
19.837011,6.2723246,6.5,upper_mid_6_5_7
7.9867744,11.188946,6.5,upper_mid_6_5_7
-31.627748,-6.410839,7.5,high_7_5_8
40.18157,-6.512881,5.5,mid_5_5_6
-10.492769,-24.452686,6.0,mid_5_5_6
1.0622665,-16.852701,4.0,low_0_4
1.2771342,-32.833275,3.5,low_0_4
-21.375477,31.361965,8.0,high_7_5_8
21.018768,13.354816,6.0,mid_5_5_6
6.671087,-24.081593,4.0,low_0_4
-15.34731,-21.10267,4.0,low_0_4
5.7705593,3.486,8.0,high_7_5_8
33.82092,24.036348,5.0,lower_mid_4_5_5
-34.163017,-19.392744,5.5,mid_5_5_6
-11.526915,-22.102566,6.0,mid_5_5_6
36.021397,21.497065,6.0,mid_5_5_6
-40.16734,9.37931,5.5,mid_5_5_6
-4.0518923,-3.3374007,7.0,upper_mid_6_5_7
-3.715775,1.8144946,8.5,very_high_8_5_9
-24.648321,-4.442237,7.5,high_7_5_8
-22.696041,-11.2826185,6.5,upper_mid_6_5_7
15.327257,-6.960985,8.0,high_7_5_8
4.681212,30.201862,6.0,mid_5_5_6
-7.9370055,41.301903,5.5,mid_5_5_6
15.595515,-12.951907,7.5,high_7_5_8
0.3420451,21.12686,6.5,upper_mid_6_5_7
0.2513906,21.15532,6.0,mid_5_5_6
-0.56189793,-6.160461,6.0,mid_5_5_6
-16.776266,-23.950024,8.5,very_high_8_5_9
19.161543,-25.501839,3.0,low_0_4
-20.281782,6.015178,6.0,mid_5_5_6
-40.570324,1.7329737,3.5,low_0_4
45.33609,2.2131674,7.5,high_7_5_8
-1.1799914,-12.107522,7.0,upper_mid_6_5_7
2.3162625,3.034719,6.5,upper_mid_6_5_7
9.984308,-32.024612,2.5,low_0_4
49.347446,-0.18425196,8.0,high_7_5_8
-6.1615205,-25.75561,3.0,low_0_4
41.82408,-9.13565,5.5,mid_5_5_6
28.176668,-18.941723,3.0,low_0_4
-31.49072,11.616507,7.5,high_7_5_8
-7.8134003,-6.8779364,5.0,lower_mid_4_5_5
-27.566381,-6.76318,6.5,upper_mid_6_5_7
23.266209,14.034086,5.5,mid_5_5_6
-38.04641,16.575756,7.5,high_7_5_8
11.009042,-4.6073155,6.0,mid_5_5_6
-19.134676,-4.0706687,6.5,upper_mid_6_5_7
10.695663,18.628353,7.5,high_7_5_8
-6.456751,41.857327,3.0,low_0_4
2.3820207,-5.623098,7.0,upper_mid_6_5_7
-1.8509564,6.3555384,6.0,mid_5_5_6
21.136024,-2.6210628,6.0,mid_5_5_6
1.9297508,2.7897563,7.0,upper_mid_6_5_7
1.2463162,35.79496,6.0,mid_5_5_6
52.619976,0.48359782,8.0,high_7_5_8
5.2302184,31.14744,3.5,low_0_4
-24.406294,-8.991081,8.0,high_7_5_8
-23.08298,13.703595,6.5,upper_mid_6_5_7
-5.684385,28.432373,4.5,lower_mid_4_5_5
-2.7483351,-32.319057,2.5,low_0_4
-27.147802,-1.9660472,8.0,high_7_5_8
-14.613001,-19.968859,5.5,mid_5_5_6
-17.009075,-7.588284,7.0,upper_mid_6_5_7
7.7872148,3.5187252,3.5,low_0_4
48.32964,-1.3885514,7.5,high_7_5_8
-11.7779665,-13.638244,5.5,mid_5_5_6
-11.894735,2.7086134,3.5,low_0_4
36.48145,-0.64984417,6.5,upper_mid_6_5_7
11.392538,-13.351516,6.5,upper_mid_6_5_7
-32.43678,-3.3904808,7.5,high_7_5_8
-23.660868,10.878149,7.0,upper_mid_6_5_7
61.374275,-18.035467,9.0,very_high_8_5_9
-20.968592,4.0809646,4.0,low_0_4
32.166172,-9.702012,4.0,low_0_4
-30.803015,21.796331,8.0,high_7_5_8
28.253061,12.856914,6.0,mid_5_5_6
-9.188226,-18.591623,6.0,mid_5_5_6
-0.5391873,30.46161,5.5,mid_5_5_6
3.4231038,-12.321576,4.5,lower_mid_4_5_5
-23.193321,21.561129,6.0,mid_5_5_6
11.970553,-14.063218,6.0,mid_5_5_6
2.5708961,12.099264,6.5,upper_mid_6_5_7
-33.416206,13.263244,7.0,upper_mid_6_5_7
-1.4462334,-24.05191,5.0,lower_mid_4_5_5
18.245153,9.449938,6.5,upper_mid_6_5_7
-25.89286,-4.170183,7.5,high_7_5_8
13.924316,18.80039,4.5,lower_mid_4_5_5
5.353235,-28.198875,6.5,upper_mid_6_5_7
21.970488,9.770263,7.5,high_7_5_8
11.42091,-31.249369,2.5,low_0_4
-28.684265,-4.09003,7.5,high_7_5_8
-0.31790122,23.794777,6.0,mid_5_5_6
48.712975,-8.247324,8.5,very_high_8_5_9
2.3611436,-7.124534,5.5,mid_5_5_6
-5.860904,-4.27641,8.5,very_high_8_5_9
51.19178,-1.7050401,8.0,high_7_5_8
18.220789,25.74419,4.5,lower_mid_4_5_5
57.3393,-20.644203,8.0,high_7_5_8
-12.468633,-21.41553,8.5,very_high_8_5_9
-13.184701,6.2785606,6.0,mid_5_5_6
17.357132,18.097233,5.0,lower_mid_4_5_5
34.829647,-2.9240968,5.5,mid_5_5_6
10.134068,-12.1545725,8.0,high_7_5_8
58.5439,-16.725624,9.0,very_high_8_5_9
1.1984382,24.741245,7.0,upper_mid_6_5_7
-14.737249,-22.459953,6.0,mid_5_5_6
-14.091739,11.399534,7.0,upper_mid_6_5_7
48.176773,-0.18493436,7.5,high_7_5_8
8.632786,26.584856,5.0,lower_mid_4_5_5
-3.0091224,-12.503409,7.0,upper_mid_6_5_7
42.22662,-20.128023,9.0,very_high_8_5_9
-19.294304,13.5681925,4.0,low_0_4
13.852728,22.510927,3.0,low_0_4
3.4232967,-1.8174876,5.5,mid_5_5_6
-7.630079,-16.06123,6.0,mid_5_5_6
-12.103892,-1.4113722,6.0,mid_5_5_6
-27.597225,28.666391,6.0,mid_5_5_6
55.363678,-16.25022,8.0,high_7_5_8
-6.4542418,-17.236025,7.0,upper_mid_6_5_7
-7.16541,-14.288762,7.5,high_7_5_8
-15.499115,18.516386,6.0,mid_5_5_6
-17.29069,25.466377,6.0,mid_5_5_6
3.0259554,10.214916,6.0,mid_5_5_6
-3.3460844,-3.409679,8.0,high_7_5_8
3.1938963,27.724686,7.5,high_7_5_8
2.3256254,26.496498,7.0,upper_mid_6_5_7
-13.0009165,-26.480978,3.5,low_0_4
4.570162,-20.03431,2.0,low_0_4
34.650738,-15.117895,6.0,mid_5_5_6
3.5478601,-6.3116913,6.0,mid_5_5_6
3.6386187,-18.319002,6.5,upper_mid_6_5_7
-40.660683,13.783262,3.0,low_0_4
5.6467543,25.427074,3.5,low_0_4
-1.0835876,-19.033693,6.0,mid_5_5_6
0.3819369,10.975811,6.0,mid_5_5_6
-27.40963,18.204168,6.0,mid_5_5_6
38.560383,-2.4013045,9.0,very_high_8_5_9
12.311435,15.908039,3.0,low_0_4
24.995382,14.487422,8.0,high_7_5_8
-30.051437,-15.683404,2.5,low_0_4
4.4829063,2.7093518,7.5,high_7_5_8
46.591473,-4.0611596,8.0,high_7_5_8
2.158071,-17.52003,6.5,upper_mid_6_5_7
-6.8874884,17.081099,3.5,low_0_4
15.278628,5.78953,7.5,high_7_5_8
1.8533889,29.344135,6.0,mid_5_5_6
-0.90430796,23.363882,6.5,upper_mid_6_5_7
3.578143,-0.0019865572,4.0,low_0_4
-15.346386,-15.079966,6.5,upper_mid_6_5_7
13.824241,22.570236,2.5,low_0_4
41.02803,-7.5365415,4.5,lower_mid_4_5_5
-32.45731,6.2966347,6.0,mid_5_5_6
11.939369,14.860962,3.5,low_0_4
-19.822975,0.24988008,8.0,high_7_5_8
34.514385,-6.543976,6.0,mid_5_5_6
-14.260063,-22.120674,6.0,mid_5_5_6
8.595929,20.86261,5.5,mid_5_5_6
-6.0963597,-25.235744,4.0,low_0_4
49.10872,-1.8314036,8.0,high_7_5_8
7.277831,-12.309979,6.0,mid_5_5_6
-6.329612,-12.291723,5.5,mid_5_5_6
0.90004855,0.38936633,7.0,upper_mid_6_5_7
20.0598,7.095904,5.5,mid_5_5_6
-22.79949,-17.479969,5.0,lower_mid_4_5_5
-11.73843,-11.386129,6.0,mid_5_5_6
-5.955732,32.092598,5.5,mid_5_5_6
-31.049223,15.170333,6.5,upper_mid_6_5_7
40.729485,-10.826636,5.5,mid_5_5_6
34.31344,-13.407117,5.5,mid_5_5_6
-4.481743,-3.578825,8.5,very_high_8_5_9
-2.8124468,43.348316,6.5,upper_mid_6_5_7
13.394693,-1.0691288,6.0,mid_5_5_6
32.53773,-12.286642,7.0,upper_mid_6_5_7
-38.406628,19.691578,1.5,low_0_4
3.3140235,-12.563942,7.0,upper_mid_6_5_7
-3.4155807,9.079734,5.5,mid_5_5_6
-10.206105,29.282717,7.0,upper_mid_6_5_7
-5.928345,7.856237,7.0,upper_mid_6_5_7
-4.9093723,-7.299337,8.0,high_7_5_8
50.677483,-4.871616,8.5,very_high_8_5_9
-33.89929,1.0076824,6.0,mid_5_5_6
-6.9559727,6.4180512,5.5,mid_5_5_6
-30.642553,-5.308474,8.5,very_high_8_5_9
50.488224,-2.0980272,8.0,high_7_5_8
3.4324837,0.23776425,3.5,low_0_4
-18.036858,11.661414,8.0,high_7_5_8
-34.999367,25.124454,3.5,low_0_4
19.52239,14.319279,6.0,mid_5_5_6
-34.176205,8.776306,6.5,upper_mid_6_5_7
14.695269,-17.787151,5.5,mid_5_5_6
-34.73188,24.78017,5.5,mid_5_5_6
5.6217957,1.6831329,6.5,upper_mid_6_5_7
-13.747814,-13.213942,8.5,very_high_8_5_9
-7.736617,-20.320929,6.5,upper_mid_6_5_7
32.01594,-12.289381,4.0,low_0_4
1.4470811,-5.6659713,7.0,upper_mid_6_5_7
3.909521,29.475662,7.0,upper_mid_6_5_7
31.517166,-15.996078,4.0,low_0_4
59.283684,-17.465,9.0,very_high_8_5_9
12.931097,-6.8652043,6.0,mid_5_5_6
-3.8687375,25.104633,7.5,high_7_5_8
6.1423683,33.65644,3.5,low_0_4
33.10855,-20.761219,4.0,low_0_4
-12.486941,-17.014162,7.0,upper_mid_6_5_7
36.217224,-2.4062097,8.5,very_high_8_5_9
35.084484,-1.1788507,5.5,mid_5_5_6
39.431107,20.0949,4.0,low_0_4
49.998215,1.3914,8.0,high_7_5_8
42.748554,-9.583172,7.0,upper_mid_6_5_7
1.5256187,-21.529093,6.5,upper_mid_6_5_7
-26.934912,-8.565873,7.5,high_7_5_8
16.237198,13.716689,5.0,lower_mid_4_5_5
-28.605331,10.9551525,6.0,mid_5_5_6
58.1415,-16.222195,7.0,upper_mid_6_5_7
-2.9632695,-18.910217,5.5,mid_5_5_6
-3.2805724,25.06275,7.0,upper_mid_6_5_7
-14.909568,-2.3106923,6.5,upper_mid_6_5_7
4.8696156,26.480724,5.5,mid_5_5_6
-6.82297,-1.0151807,6.5,upper_mid_6_5_7
-16.37717,2.6177323,7.5,high_7_5_8
-19.730629,20.854528,6.0,mid_5_5_6
4.541586,7.4411726,6.5,upper_mid_6_5_7
11.662779,-11.517404,6.0,mid_5_5_6
-1.8829869,5.6668515,6.5,upper_mid_6_5_7
-25.571417,-13.940808,5.5,mid_5_5_6
-36.411526,0.84384763,5.5,mid_5_5_6
-18.055342,23.035944,5.0,lower_mid_4_5_5
40.25353,-11.741053,7.0,upper_mid_6_5_7
-31.661041,13.974111,6.5,upper_mid_6_5_7
-2.4032323,-31.06351,4.0,low_0_4
-10.266106,-8.567613,6.5,upper_mid_6_5_7
45.494854,-7.545153,5.5,mid_5_5_6
-15.187117,4.5173182,7.5,high_7_5_8
21.284634,18.778463,4.0,low_0_4
-9.36374,16.322899,5.0,lower_mid_4_5_5
36.39633,24.797752,3.5,low_0_4
42.227757,-11.490566,6.0,mid_5_5_6
-24.760153,-27.953156,5.5,mid_5_5_6
39.11827,-1.6629276,4.0,low_0_4
25.790396,5.015608,4.0,low_0_4
13.521897,-23.63691,5.5,mid_5_5_6
-0.4503222,8.291536,6.5,upper_mid_6_5_7
-20.452995,-1.4807636,7.5,high_7_5_8
13.233463,-9.57574,6.0,mid_5_5_6
-20.471132,2.294359,6.0,mid_5_5_6
-7.130311,44.656376,5.5,mid_5_5_6
26.326782,14.386819,5.0,lower_mid_4_5_5
12.818497,-9.134327,6.0,mid_5_5_6
-2.713111,32.707928,4.0,low_0_4
-5.2798543,42.94407,4.5,lower_mid_4_5_5
-5.4193215,-11.976524,5.5,mid_5_5_6
-8.4959545,-10.246778,6.0,mid_5_5_6
-9.335589,1.7329106,5.5,mid_5_5_6
-18.875744,27.330124,4.0,low_0_4
-36.19352,15.810516,4.5,lower_mid_4_5_5
34.635117,-14.132334,7.0,upper_mid_6_5_7
0.53337663,31.435787,6.0,mid_5_5_6
-10.077644,26.855469,5.0,lower_mid_4_5_5
11.016221,16.321665,6.0,mid_5_5_6
37.853443,-7.9156504,5.5,mid_5_5_6
36.761906,-18.336697,6.0,mid_5_5_6
-1.0716088,-0.18773268,9.0,very_high_8_5_9
0.35492495,-13.955341,6.0,mid_5_5_6
-4.5634046,44.73696,8.0,high_7_5_8
-8.828008,-31.327291,4.5,lower_mid_4_5_5
7.362527,-13.317635,6.0,mid_5_5_6
11.732398,4.383063,6.5,upper_mid_6_5_7
36.556454,-7.7769117,7.5,high_7_5_8
27.294008,-16.206213,4.0,low_0_4
-11.230774,-20.640402,8.0,high_7_5_8
-8.950127,43.65424,6.5,upper_mid_6_5_7
-6.5261045,2.3265135,5.5,mid_5_5_6
39.257435,-15.582467,7.5,high_7_5_8
-4.885825,45.865303,6.0,mid_5_5_6
-33.74805,4.4812703,6.0,mid_5_5_6
5.2304335,-6.4627385,6.0,mid_5_5_6
2.4359424,-33.33532,2.5,low_0_4
-1.7000462,12.146584,6.0,mid_5_5_6
-27.61007,2.6341815,7.5,high_7_5_8
-27.79518,0.061895236,7.5,high_7_5_8
26.51391,23.554724,8.0,high_7_5_8
-17.706,19.036654,4.0,low_0_4
14.531409,10.999499,7.0,upper_mid_6_5_7
2.8471122,20.680038,6.0,mid_5_5_6
-9.345487,19.841234,7.0,upper_mid_6_5_7
21.849335,22.221678,1.0,low_0_4
16.702423,-2.9312024,8.0,high_7_5_8
21.378767,-2.7174325,7.0,upper_mid_6_5_7
49.58578,-2.2746978,8.0,high_7_5_8
-26.612453,28.995123,4.0,low_0_4
-13.407472,-6.4451475,7.5,high_7_5_8
30.804535,-24.955652,6.0,mid_5_5_6
-10.955485,22.14238,7.0,upper_mid_6_5_7
-21.479988,-13.356424,8.0,high_7_5_8
-35.288826,-8.421937,7.5,high_7_5_8
1.1922454,-14.030066,6.0,mid_5_5_6
36.252056,-19.413183,6.0,mid_5_5_6
10.53446,26.515177,5.5,mid_5_5_6
-11.478702,-8.326096,5.5,mid_5_5_6
-9.174836,41.39237,6.0,mid_5_5_6
10.369212,21.000378,5.5,mid_5_5_6
11.774656,17.727715,5.5,mid_5_5_6
-9.354609,8.025627,7.0,upper_mid_6_5_7
20.511606,-2.1843524,7.0,upper_mid_6_5_7
-17.542166,6.2609363,5.0,lower_mid_4_5_5
-4.749645,-23.200834,4.0,low_0_4
-40.266872,-10.598659,2.0,low_0_4
17.633276,11.585686,7.5,high_7_5_8
-25.14669,7.2064877,7.5,high_7_5_8
-7.8607807,25.47311,6.5,upper_mid_6_5_7
36.12323,-15.949461,9.0,very_high_8_5_9
-10.164227,3.1381953,5.5,mid_5_5_6
0.3949509,6.4491563,6.0,mid_5_5_6
-2.855459,43.741127,7.5,high_7_5_8
14.275413,11.396246,6.5,upper_mid_6_5_7
12.072006,17.727757,7.5,high_7_5_8
-7.911712,25.249006,6.0,mid_5_5_6
-6.652107,-19.652859,6.5,upper_mid_6_5_7
-15.642415,17.509506,7.0,upper_mid_6_5_7
-3.2865193,-22.196428,6.5,upper_mid_6_5_7
37.612568,-20.878016,9.0,very_high_8_5_9
23.622358,-17.88025,3.0,low_0_4
-19.017527,-17.002762,6.5,upper_mid_6_5_7
-34.87386,-8.2461405,8.0,high_7_5_8
-3.074359,43.092823,6.0,mid_5_5_6
21.924128,14.979205,5.5,mid_5_5_6
-23.550901,26.775799,7.0,upper_mid_6_5_7
35.50388,-8.910142,7.0,upper_mid_6_5_7
-9.436897,-0.66391265,2.5,low_0_4
-36.273228,15.987017,7.5,high_7_5_8
-15.033216,23.667042,6.5,upper_mid_6_5_7
26.524343,23.818678,7.0,upper_mid_6_5_7
-18.324791,19.294544,6.0,mid_5_5_6
1.6150415,18.076403,6.5,upper_mid_6_5_7
3.0029666,-6.6510925,6.0,mid_5_5_6
-11.484555,-5.204334,7.0,upper_mid_6_5_7
11.929672,8.841594,5.0,lower_mid_4_5_5
-12.146106,1.6384588,3.5,low_0_4
-15.956279,-16.933739,6.5,upper_mid_6_5_7
-17.332188,-4.4702888,6.0,mid_5_5_6
7.890269,-4.074752,4.0,low_0_4
-1.2439331,-5.080132,7.0,upper_mid_6_5_7
-35.66014,-4.0363398,6.0,mid_5_5_6
35.838863,22.42671,4.5,lower_mid_4_5_5
36.991364,-11.690692,5.0,lower_mid_4_5_5
45.62387,3.7983053,7.5,high_7_5_8
-21.002266,-9.236739,7.5,high_7_5_8
-15.390918,2.5188568,7.5,high_7_5_8
7.6155286,10.664448,6.0,mid_5_5_6
17.712729,25.380867,3.5,low_0_4
-35.60949,-1.7020301,7.0,upper_mid_6_5_7
46.793713,0.9241539,7.5,high_7_5_8
-16.875399,-21.45529,5.5,mid_5_5_6
43.334057,-6.5579185,6.0,mid_5_5_6
2.4324503,26.952436,6.0,mid_5_5_6
-15.679484,9.786969,6.0,mid_5_5_6
17.658936,-3.3236277,4.5,lower_mid_4_5_5
-8.742981,3.8257692,6.5,upper_mid_6_5_7
2.363801,-8.652732,6.0,mid_5_5_6
56.926525,-19.492144,8.0,high_7_5_8
-37.454964,-0.93190145,5.5,mid_5_5_6
-11.32326,12.825542,6.5,upper_mid_6_5_7
-2.0964143,3.2533545,5.5,mid_5_5_6
-7.721166,-21.02926,5.5,mid_5_5_6
2.1530707,-29.25709,3.5,low_0_4
-6.5286713,-5.4628706,8.0,high_7_5_8
-3.1920779,-5.750551,5.5,mid_5_5_6
-30.048988,-20.9452,4.5,lower_mid_4_5_5
-16.304968,-3.21491,5.0,lower_mid_4_5_5
-25.353628,-7.776478,8.0,high_7_5_8
-14.252499,26.819107,8.0,high_7_5_8
38.903206,20.229095,4.0,low_0_4
-20.226772,-9.583949,7.5,high_7_5_8
-24.918097,15.580191,6.0,mid_5_5_6
-36.600426,-8.075408,5.5,mid_5_5_6
12.312199,-2.5769923,8.0,high_7_5_8
-20.43308,11.078171,8.5,very_high_8_5_9
2.887056,13.725349,5.5,mid_5_5_6
-7.7248864,-23.383867,6.5,upper_mid_6_5_7
49.662453,1.3422911,8.0,high_7_5_8
13.628575,-1.8111856,7.0,upper_mid_6_5_7
-3.8376365,-23.82392,4.0,low_0_4
0.110374,19.245329,7.0,upper_mid_6_5_7
2.2052243,18.77398,6.5,upper_mid_6_5_7
-33.825512,-4.2569957,6.5,upper_mid_6_5_7
-25.855162,-5.194824,7.5,high_7_5_8
40.437786,1.3887944,5.5,mid_5_5_6
-33.700752,4.479405,6.5,upper_mid_6_5_7
5.656461,-15.46497,5.0,lower_mid_4_5_5
-5.0405726,-0.20714419,6.5,upper_mid_6_5_7
10.161102,-8.012957,4.0,low_0_4
-31.627625,-1.8550828,7.0,upper_mid_6_5_7
13.139115,18.111164,3.5,low_0_4
28.48306,-8.698058,6.0,mid_5_5_6
-9.318713,-9.831648,5.0,lower_mid_4_5_5
-12.170469,15.480665,3.5,low_0_4
-14.647594,21.293976,9.0,very_high_8_5_9
-4.145097,1.712965,7.5,high_7_5_8
-27.642782,29.068962,7.5,high_7_5_8
11.678145,0.26648444,6.0,mid_5_5_6
-38.0896,12.784795,4.0,low_0_4
-19.78926,18.037756,6.0,mid_5_5_6
8.774947,8.358657,5.0,lower_mid_4_5_5
-30.651575,-23.562407,6.5,upper_mid_6_5_7
-24.49415,23.018393,8.0,high_7_5_8
-19.59519,-4.761799,7.5,high_7_5_8
0.98571587,24.866936,8.5,very_high_8_5_9
-10.425822,28.645622,5.5,mid_5_5_6
-22.780651,6.8685484,6.0,mid_5_5_6
-22.827736,-2.3216019,6.5,upper_mid_6_5_7
60.51123,-18.362963,7.0,upper_mid_6_5_7
1.451329,-14.04596,7.0,upper_mid_6_5_7
8.46379,19.650267,6.0,mid_5_5_6
18.241125,13.236896,5.5,mid_5_5_6
5.3723507,20.463257,6.0,mid_5_5_6
-18.899231,-28.82623,7.0,upper_mid_6_5_7
9.853943,-15.619747,6.0,mid_5_5_6
-0.67184293,-18.224138,7.0,upper_mid_6_5_7
-12.451985,-15.365314,6.0,mid_5_5_6
30.096994,-0.024912043,4.0,low_0_4
5.1189103,-10.31142,4.0,low_0_4
35.024727,-5.132966,8.0,high_7_5_8
6.8828554,16.590141,6.0,mid_5_5_6
-12.477427,-37.80747,2.5,low_0_4
-17.818207,16.274683,5.5,mid_5_5_6
20.845453,16.35002,3.5,low_0_4
-34.833,11.211191,7.5,high_7_5_8
9.023351,10.012818,5.0,lower_mid_4_5_5
33.722214,-7.018822,6.0,mid_5_5_6
-9.097745,34.19682,4.5,lower_mid_4_5_5
17.034195,-2.9595413,6.0,mid_5_5_6
56.496704,-17.022482,9.0,very_high_8_5_9
0.17705017,-26.027658,4.0,low_0_4
4.742379,-37.088303,7.0,upper_mid_6_5_7
-19.133015,19.666748,7.5,high_7_5_8
-38.346695,-1.6954567,6.0,mid_5_5_6
16.68589,17.737936,5.5,mid_5_5_6
-12.691667,27.098433,7.0,upper_mid_6_5_7
-15.857971,30.406282,3.5,low_0_4
-31.12593,-0.6426662,7.5,high_7_5_8
17.586193,11.298184,7.5,high_7_5_8
-4.6771545,-17.416431,6.0,mid_5_5_6
-22.798882,-2.3333752,6.5,upper_mid_6_5_7
17.082865,23.407015,3.5,low_0_4
-1.1189839,20.564192,4.0,low_0_4
-34.978943,-15.521681,3.5,low_0_4
37.248512,20.836384,7.0,upper_mid_6_5_7
-10.813924,-19.099512,6.5,upper_mid_6_5_7
-27.94792,4.7353706,7.5,high_7_5_8
-16.23454,9.857761,6.0,mid_5_5_6
38.13062,-4.385543,7.0,upper_mid_6_5_7
46.01447,-11.757983,4.0,low_0_4
-27.37779,4.6020336,6.5,upper_mid_6_5_7
17.399504,5.436631,6.5,upper_mid_6_5_7
8.024788,17.826685,4.0,low_0_4
9.174265,17.176676,6.0,mid_5_5_6
46.11313,0.69582427,8.0,high_7_5_8
39.44448,-19.376476,8.5,very_high_8_5_9
-8.949485,19.758625,6.0,mid_5_5_6
40.500816,-9.83439,5.0,lower_mid_4_5_5
-28.757858,-14.491055,3.5,low_0_4
33.34778,22.619267,7.0,upper_mid_6_5_7
-18.617573,-2.2419298,6.5,upper_mid_6_5_7
-11.145573,18.17967,6.0,mid_5_5_6
-0.43493825,-11.103932,7.0,upper_mid_6_5_7
-19.968752,14.826373,6.5,upper_mid_6_5_7
-6.780163,6.801916,6.0,mid_5_5_6
-28.490805,20.869633,6.5,upper_mid_6_5_7
16.440775,-0.3862728,4.0,low_0_4
-3.959072,21.73217,6.0,mid_5_5_6
57.016045,-16.682077,7.0,upper_mid_6_5_7
-4.7504263,-29.159416,4.5,lower_mid_4_5_5
-14.819381,-25.376165,7.0,upper_mid_6_5_7
1.5358224,-33.34744,4.5,lower_mid_4_5_5
39.272514,-11.390777,6.0,mid_5_5_6
-6.692877,-21.456741,4.0,low_0_4
-3.3855186,1.8437523,7.0,upper_mid_6_5_7
4.0864496,-8.944298,7.0,upper_mid_6_5_7
18.446522,-14.523307,3.5,low_0_4
43.311363,-8.764682,6.5,upper_mid_6_5_7
-3.385226,-0.743233,6.0,mid_5_5_6
-0.08263977,-4.3018436,5.0,lower_mid_4_5_5
-1.6654254,-8.312724,6.0,mid_5_5_6
-32.18252,-2.4847963,8.0,high_7_5_8
-17.570307,-18.887663,7.5,high_7_5_8
33.84634,-14.917831,6.0,mid_5_5_6
37.273396,1.4847142,3.0,low_0_4
26.833717,16.249863,6.5,upper_mid_6_5_7
-21.362953,18.92163,7.0,upper_mid_6_5_7
-1.8029681,2.0175326,5.5,mid_5_5_6
-7.9045653,10.285691,6.5,upper_mid_6_5_7
15.809634,23.79657,5.0,lower_mid_4_5_5
12.158493,12.415692,6.0,mid_5_5_6
-27.62749,-17.172518,5.5,mid_5_5_6
-8.232108,-16.627531,8.0,high_7_5_8
60.642944,-18.58142,7.0,upper_mid_6_5_7
42.49528,-19.808825,9.0,very_high_8_5_9
7.1640663,23.622513,5.5,mid_5_5_6
-39.321293,-6.192541,5.5,mid_5_5_6
-3.7225208,-12.911576,3.5,low_0_4
14.160668,30.02658,4.0,low_0_4
-35.828217,19.378199,5.0,lower_mid_4_5_5
-1.7516192,45.81823,6.0,mid_5_5_6
-22.985638,-0.89707524,8.0,high_7_5_8
-5.611013,20.973333,6.0,mid_5_5_6
-17.181046,-21.013277,6.0,mid_5_5_6
43.415916,-4.207188,7.5,high_7_5_8
-19.677471,25.77383,7.0,upper_mid_6_5_7
34.782978,-22.253906,3.0,low_0_4
19.10636,-0.021553088,6.0,mid_5_5_6
9.751338,29.972912,5.5,mid_5_5_6
8.671996,9.464213,4.0,low_0_4
33.51413,-6.648668,7.5,high_7_5_8
47.866367,-5.3018346,8.0,high_7_5_8
-38.064384,4.774604,6.5,upper_mid_6_5_7
-5.6171265,20.964613,5.0,lower_mid_4_5_5
10.933167,4.6415563,6.5,upper_mid_6_5_7
-32.19384,0.8021446,6.5,upper_mid_6_5_7
-6.329748,44.168797,5.5,mid_5_5_6
-31.699688,-10.17934,6.0,mid_5_5_6
-12.819128,-24.293402,6.0,mid_5_5_6
-37.789505,2.7520263,5.5,mid_5_5_6
42.13636,-20.040653,9.0,very_high_8_5_9
8.008462,-23.500975,4.0,low_0_4
11.655387,21.62993,7.0,upper_mid_6_5_7
-2.865993,9.272545,7.5,high_7_5_8
17.035378,24.394342,6.5,upper_mid_6_5_7
1.0832411,30.948898,6.5,upper_mid_6_5_7
13.529351,9.232518,7.0,upper_mid_6_5_7
12.848549,20.826805,5.5,mid_5_5_6
-35.425045,21.794292,6.5,upper_mid_6_5_7
-0.28560477,43.440437,7.0,upper_mid_6_5_7
-9.057364,5.0422053,7.5,high_7_5_8
33.448036,-20.79386,3.0,low_0_4
-39.39838,16.087782,7.5,high_7_5_8
-12.052837,0.0026640806,5.5,mid_5_5_6
7.0564666,11.956833,4.0,low_0_4
35.989254,-14.3798,7.5,high_7_5_8
-9.347257,-22.324213,6.5,upper_mid_6_5_7
-3.0560975,40.466225,3.5,low_0_4
-14.376233,2.118313,7.0,upper_mid_6_5_7
2.8498824,10.459708,6.0,mid_5_5_6
-9.420368,-15.064092,6.0,mid_5_5_6
1.5031623,2.456309,8.5,very_high_8_5_9
-7.3464866,-0.35475823,7.5,high_7_5_8
3.1714814,-7.4421163,7.0,upper_mid_6_5_7
-23.344671,18.29873,7.0,upper_mid_6_5_7
12.183383,12.126978,5.5,mid_5_5_6
38.193497,-4.4442644,8.5,very_high_8_5_9
35.37609,-7.0945506,8.0,high_7_5_8
10.037873,-2.7517767,6.5,upper_mid_6_5_7
-20.865599,-5.7377596,6.0,mid_5_5_6
21.830511,4.7199697,3.5,low_0_4
-19.28276,-11.377984,5.5,mid_5_5_6
11.674143,21.896378,6.0,mid_5_5_6
-6.100132,12.9315815,6.0,mid_5_5_6
23.108345,2.6327996,3.5,low_0_4
6.0646205,13.051085,6.5,upper_mid_6_5_7
0.42696017,6.5214925,8.5,very_high_8_5_9
-6.1237493,46.444817,6.5,upper_mid_6_5_7
-37.86872,4.026616,6.0,mid_5_5_6
-12.953045,-17.45391,6.5,upper_mid_6_5_7
27.562698,15.342349,2.0,low_0_4
0.40048364,-28.938251,1.5,low_0_4
-32.470215,2.3386536,6.5,upper_mid_6_5_7
36.93416,-1.3631853,7.0,upper_mid_6_5_7
22.575453,18.49317,3.0,low_0_4
31.281874,-0.45712528,6.5,upper_mid_6_5_7
-16.174337,-26.059958,7.0,upper_mid_6_5_7
-20.31347,16.522213,6.5,upper_mid_6_5_7
32.364807,-14.8551445,4.0,low_0_4
-3.5335708,-32.099464,2.5,low_0_4
17.757944,10.729962,6.5,upper_mid_6_5_7
-35.485825,21.799278,6.0,mid_5_5_6
25.75446,29.207157,6.5,upper_mid_6_5_7
50.081356,-1.483834,7.5,high_7_5_8
-20.471373,-7.092609,7.0,upper_mid_6_5_7
-23.506542,-10.688567,6.0,mid_5_5_6
-41.063534,12.924504,3.5,low_0_4
-19.955143,-21.547237,8.0,high_7_5_8
-2.0733843,-11.276382,7.0,upper_mid_6_5_7
36.103134,-10.928517,7.0,upper_mid_6_5_7
-0.34122247,-33.582348,2.5,low_0_4
16.207111,24.29735,2.5,low_0_4
19.041853,9.470249,7.5,high_7_5_8
-27.956507,21.2998,6.5,upper_mid_6_5_7
9.6234,2.8175426,6.0,mid_5_5_6
-9.867939,-17.476923,7.0,upper_mid_6_5_7
46.174553,-5.2117586,7.5,high_7_5_8
9.785202,-19.72646,3.0,low_0_4
-8.143158,6.883414,6.5,upper_mid_6_5_7
-0.113764964,-8.069797,6.0,mid_5_5_6
22.813227,1.9428024,3.5,low_0_4
0.59944683,14.062651,6.0,mid_5_5_6
13.915959,17.97749,5.0,lower_mid_4_5_5
-21.82921,-25.292913,6.0,mid_5_5_6
-36.169735,11.423091,6.5,upper_mid_6_5_7
12.898661,-6.089632,6.5,upper_mid_6_5_7
-28.280176,13.388293,6.5,upper_mid_6_5_7
36.610603,23.425554,6.5,upper_mid_6_5_7
24.011871,5.847101,3.5,low_0_4
60.74147,-15.607808,9.0,very_high_8_5_9
42.66878,0.45168632,6.5,upper_mid_6_5_7
19.666975,14.576972,6.0,mid_5_5_6
15.019562,15.951347,6.5,upper_mid_6_5_7
5.2950473,15.153979,6.5,upper_mid_6_5_7
-6.6604223,4.020474,7.5,high_7_5_8
-7.339749,-16.200775,6.5,upper_mid_6_5_7
0.58285624,-5.014684,6.0,mid_5_5_6
-24.73956,2.979675,6.0,mid_5_5_6
-5.96075,32.046238,5.5,mid_5_5_6
-12.853505,16.891312,4.5,lower_mid_4_5_5
-31.452263,1.5089161,7.5,high_7_5_8
-27.7516,-5.1527977,5.5,mid_5_5_6
43.755394,-0.12795271,7.5,high_7_5_8
16.06143,-16.284088,7.0,upper_mid_6_5_7
-15.705351,-20.03397,6.0,mid_5_5_6
42.930347,-12.364612,4.0,low_0_4
8.394812,31.083733,5.5,mid_5_5_6
-13.364557,-20.917753,7.0,upper_mid_6_5_7
-31.403166,-11.036879,6.5,upper_mid_6_5_7
56.4342,-16.266642,8.0,high_7_5_8
59.834,-18.25967,9.0,very_high_8_5_9
54.46161,-19.38844,7.0,upper_mid_6_5_7
-9.058534,-11.8636875,7.0,upper_mid_6_5_7
59.121822,-16.056795,7.0,upper_mid_6_5_7
-22.648918,15.741736,7.0,upper_mid_6_5_7
0.8843631,14.573997,6.0,mid_5_5_6
-7.1091523,-23.463099,5.5,mid_5_5_6
-0.007970581,-16.441116,6.5,upper_mid_6_5_7
17.296492,9.187552,8.5,very_high_8_5_9
38.189964,-1.2444059,6.5,upper_mid_6_5_7
-5.704491,-29.156143,5.5,mid_5_5_6
48.767868,-3.5295188,8.0,high_7_5_8
58.979027,-17.034542,9.0,very_high_8_5_9
16.784298,-8.041208,5.0,lower_mid_4_5_5
-29.813824,7.8116503,6.0,mid_5_5_6
14.796462,0.62515634,6.5,upper_mid_6_5_7
-9.661134,26.595337,5.5,mid_5_5_6
-4.1392393,-5.558489,6.0,mid_5_5_6
14.787718,-6.2737355,7.5,high_7_5_8
-39.296726,-6.169028,5.5,mid_5_5_6
-21.010057,-4.9997783,7.5,high_7_5_8
-2.1841173,-2.1318297,8.0,high_7_5_8
-2.2676554,-22.448126,4.5,lower_mid_4_5_5
-10.104884,-6.635661,7.0,upper_mid_6_5_7
39.547302,22.589703,3.0,low_0_4
30.313227,-15.524575,4.0,low_0_4
-13.350861,8.17654,4.5,lower_mid_4_5_5
-27.423002,18.780622,6.0,mid_5_5_6
11.478,-0.013292746,6.0,mid_5_5_6
14.436175,-5.8120055,7.0,upper_mid_6_5_7
-7.5413527,-13.159275,6.0,mid_5_5_6
-27.943022,9.768869,3.5,low_0_4
34.159298,-5.107808,6.0,mid_5_5_6
6.145561,-29.357033,3.5,low_0_4
-33.75837,15.039507,8.0,high_7_5_8
-29.316544,-5.2464776,8.0,high_7_5_8
-26.865877,25.370033,5.5,mid_5_5_6
-13.614798,-18.25537,6.0,mid_5_5_6
8.110115,-23.483887,4.0,low_0_4
1.8888689,28.824604,3.0,low_0_4
15.884048,17.70248,5.5,mid_5_5_6
-22.02881,0.6554034,6.5,upper_mid_6_5_7
9.826546,24.179497,6.5,upper_mid_6_5_7
18.17496,-3.615495,3.0,low_0_4
5.80218,-12.480976,6.5,upper_mid_6_5_7
6.5346847,0.3619314,3.0,low_0_4
-19.511856,-19.00839,7.5,high_7_5_8
-28.460255,-3.8520653,7.5,high_7_5_8
29.774435,-12.966348,9.0,very_high_8_5_9
-8.846186,-31.522032,4.5,lower_mid_4_5_5
19.316061,19.853966,5.0,lower_mid_4_5_5
5.2845616,5.593821,7.5,high_7_5_8
-14.915529,-6.232917,6.5,upper_mid_6_5_7
12.084998,23.354708,6.5,upper_mid_6_5_7
-0.5406497,-32.898983,2.5,low_0_4
-25.276077,17.272247,6.5,upper_mid_6_5_7
-6.107113,0.72102123,7.5,high_7_5_8
26.53286,22.898035,7.5,high_7_5_8
31.30897,-18.265636,5.0,lower_mid_4_5_5
-26.989782,7.463338,7.5,high_7_5_8
-23.330105,9.481078,8.0,high_7_5_8
-41.598583,-1.0061527,6.0,mid_5_5_6
-3.1841466,10.315475,7.5,high_7_5_8
-29.61157,13.738774,6.0,mid_5_5_6
-1.4116096,45.46812,6.0,mid_5_5_6
11.503891,-31.793596,3.0,low_0_4
8.768018,21.68096,6.0,mid_5_5_6
42.620743,-13.872832,5.5,mid_5_5_6
-38.251637,1.3598205,6.0,mid_5_5_6
-10.000976,7.465187,8.5,very_high_8_5_9
45.70613,4.367064,7.5,high_7_5_8
-4.042217,-7.0838523,7.0,upper_mid_6_5_7
-1.9088343,-13.067019,6.5,upper_mid_6_5_7
-38.691486,3.2212882,7.5,high_7_5_8
6.59829,22.83835,6.5,upper_mid_6_5_7
40.486336,-16.94674,9.0,very_high_8_5_9
15.104285,19.775997,7.5,high_7_5_8
-20.717083,-15.348523,7.0,upper_mid_6_5_7
2.8013864,5.9685173,4.0,low_0_4
54.516537,-20.57554,8.0,high_7_5_8
55.200756,-16.089924,8.0,high_7_5_8
-7.0127935,-8.61983,5.5,mid_5_5_6
-20.323774,-9.6797695,6.5,upper_mid_6_5_7
6.031771,29.500128,6.5,upper_mid_6_5_7
-32.06666,-4.565946,6.5,upper_mid_6_5_7
-24.469791,20.395605,6.0,mid_5_5_6
-19.211493,3.4669826,3.5,low_0_4
7.5318117,-32.695126,0.5,low_0_4
-16.438524,21.022608,7.0,upper_mid_6_5_7
-17.01719,3.204686,8.0,high_7_5_8
50.120743,-3.2642372,8.0,high_7_5_8
-27.42116,17.641964,4.0,low_0_4
2.5301542,-10.609024,7.5,high_7_5_8
45.757366,-7.3884716,8.5,very_high_8_5_9
11.873682,-13.207198,6.5,upper_mid_6_5_7
15.629809,-18.52005,5.5,mid_5_5_6
-2.8478885,43.552338,6.0,mid_5_5_6
-11.176507,-14.443758,6.0,mid_5_5_6
17.133245,6.347652,7.5,high_7_5_8
33.72028,-16.128454,4.0,low_0_4
38.243664,-18.48178,9.0,very_high_8_5_9
49.121807,1.3167901,8.0,high_7_5_8
10.995033,16.465242,5.5,mid_5_5_6
-35.300697,-2.9712682,6.0,mid_5_5_6
-4.607712,-11.106705,7.5,high_7_5_8
5.510694,-2.8404932,8.0,high_7_5_8
-20.40893,5.6073413,7.5,high_7_5_8
0.12772885,4.6608953,8.0,high_7_5_8
-31.652924,11.726645,8.0,high_7_5_8
6.3519206,29.92367,5.5,mid_5_5_6
-25.064865,-1.7050375,7.5,high_7_5_8
29.008614,8.823169,6.5,upper_mid_6_5_7
-1.9721906,27.757742,5.5,mid_5_5_6
55.550766,-17.73912,8.0,high_7_5_8
-26.59182,-5.208965,6.0,mid_5_5_6
-9.062146,7.170426,6.0,mid_5_5_6
-8.254894,7.776728,6.5,upper_mid_6_5_7
-17.591984,-14.074464,7.0,upper_mid_6_5_7
6.362424,10.061172,8.5,very_high_8_5_9
50.57574,-4.329935,8.0,high_7_5_8
12.56643,2.9872708,6.0,mid_5_5_6
-2.4251688,-31.11931,3.5,low_0_4
-14.188485,-34.852337,4.5,lower_mid_4_5_5
36.55512,20.99526,4.5,lower_mid_4_5_5
50.81723,-0.6937061,8.0,high_7_5_8
24.645956,16.352003,7.5,high_7_5_8
47.904907,-3.8091917,8.5,very_high_8_5_9
1.7220995,4.8327675,6.5,upper_mid_6_5_7
20.154879,-12.214066,4.0,low_0_4
10.989963,4.6256924,6.0,mid_5_5_6
4.077346,-15.069185,6.0,mid_5_5_6
-4.79985,42.680523,5.5,mid_5_5_6
9.2357,31.692312,2.5,low_0_4
-37.79323,2.8141508,7.5,high_7_5_8
-20.280169,-22.854734,7.0,upper_mid_6_5_7
39.47754,-3.8025434,7.0,upper_mid_6_5_7
58.010128,-19.079237,7.0,upper_mid_6_5_7
4.131107,-25.860693,2.0,low_0_4
-21.016699,1.2892184,7.5,high_7_5_8
16.91261,20.380793,2.5,low_0_4
42.31742,-18.90715,9.0,very_high_8_5_9
-34.30094,-4.388145,6.5,upper_mid_6_5_7
-5.4088054,-14.408822,6.5,upper_mid_6_5_7
-30.210695,12.516846,5.0,lower_mid_4_5_5
-25.344112,-6.110624,7.5,high_7_5_8
2.8939514,-13.839939,5.5,mid_5_5_6
-17.454168,-17.854864,7.0,upper_mid_6_5_7
-20.199022,-21.882996,6.5,upper_mid_6_5_7
34.773987,-20.132196,4.0,low_0_4
6.7626143,13.144789,6.5,upper_mid_6_5_7
33.336807,22.725903,6.0,mid_5_5_6
-23.806465,-4.70657,8.0,high_7_5_8
-0.9234598,12.831913,5.0,lower_mid_4_5_5
-32.442715,11.115747,7.5,high_7_5_8
-33.922127,16.284393,7.0,upper_mid_6_5_7
-21.8875,-6.4605937,8.0,high_7_5_8
-21.205809,20.500801,6.0,mid_5_5_6
-25.195293,20.819775,6.0,mid_5_5_6
9.291549,14.466049,5.5,mid_5_5_6
45.228775,-4.698144,6.5,upper_mid_6_5_7
-5.4733,-6.24587,9.0,very_high_8_5_9
9.334269,15.14268,5.0,lower_mid_4_5_5
-39.811657,4.06044,6.5,upper_mid_6_5_7
-20.11756,-28.648848,7.0,upper_mid_6_5_7
-36.917255,6.30515,8.0,high_7_5_8
50.745186,0.96432793,8.0,high_7_5_8
34.153313,-10.51331,9.0,very_high_8_5_9
-23.373598,11.128447,6.5,upper_mid_6_5_7
-27.440676,29.507154,8.0,high_7_5_8
-8.943283,22.037657,6.0,mid_5_5_6
-8.454053,-12.488592,6.0,mid_5_5_6
-32.588776,6.6199164,6.5,upper_mid_6_5_7
-13.889891,-37.897533,3.5,low_0_4
2.880723,-22.009054,4.0,low_0_4
19.38867,11.674681,3.5,low_0_4
5.6769524,29.257702,6.5,upper_mid_6_5_7
-0.49982765,-18.499002,7.0,upper_mid_6_5_7
-6.298921,-31.300497,5.5,mid_5_5_6
36.098324,-7.594487,6.5,upper_mid_6_5_7
-5.0276,-2.944692,8.5,very_high_8_5_9
-0.6541102,31.059092,4.0,low_0_4
-9.581376,-4.688957,6.5,upper_mid_6_5_7
13.490778,-0.4090324,7.0,upper_mid_6_5_7
9.531335,5.616125,6.0,mid_5_5_6
-10.536121,-37.84686,4.0,low_0_4
0.0008106362,-30.473717,2.5,low_0_4
7.4533906,-2.4878688,6.5,upper_mid_6_5_7
-17.117546,21.673298,8.0,high_7_5_8
-0.107187934,-6.2108064,4.0,low_0_4
-18.585897,11.043874,7.0,upper_mid_6_5_7
7.2118144,0.54063755,4.0,low_0_4
0.8187371,37.49115,7.0,upper_mid_6_5_7
-29.125416,-12.274547,4.5,lower_mid_4_5_5
-28.681982,-10.120685,6.5,upper_mid_6_5_7
-28.342247,13.603157,6.5,upper_mid_6_5_7
15.883549,27.03339,4.5,lower_mid_4_5_5
-30.918558,24.3008,6.5,upper_mid_6_5_7
-24.350197,0.26195866,7.0,upper_mid_6_5_7
-5.404543,13.121068,6.0,mid_5_5_6
2.6260178,-14.367146,6.0,mid_5_5_6
-3.6819751,22.461859,6.0,mid_5_5_6
40.16093,-9.135834,7.5,high_7_5_8
-35.355618,17.392977,3.0,low_0_4
10.593502,26.141245,5.5,mid_5_5_6
-35.517197,-11.888486,2.5,low_0_4
14.995729,-17.911074,6.5,upper_mid_6_5_7
51.81566,-16.31365,8.0,high_7_5_8
-29.484558,23.093052,7.0,upper_mid_6_5_7
1.6690536,29.376299,6.5,upper_mid_6_5_7
1.8106527,-30.431974,2.5,low_0_4
6.415049,-16.107416,1.0,low_0_4
10.348719,-4.539314,7.0,upper_mid_6_5_7
-33.354473,18.829065,5.0,lower_mid_4_5_5
-33.187637,18.55153,6.0,mid_5_5_6
-27.01853,-2.9447443,8.0,high_7_5_8
-32.44762,6.3578763,6.5,upper_mid_6_5_7
-38.1713,19.20448,5.5,mid_5_5_6
-18.682428,27.630573,3.0,low_0_4
49.44439,-0.9520535,8.5,very_high_8_5_9
8.174745,30.636635,6.5,upper_mid_6_5_7
0.42620903,-30.301825,2.5,low_0_4
-39.64458,8.623489,6.0,mid_5_5_6
-27.620901,23.614698,8.5,very_high_8_5_9
3.825454,-26.919773,1.5,low_0_4
-10.657089,18.114927,7.0,upper_mid_6_5_7
2.215512,11.988973,5.5,mid_5_5_6
37.1941,-13.970962,9.0,very_high_8_5_9
56.97081,-17.673992,9.0,very_high_8_5_9
-20.958632,-12.279613,7.5,high_7_5_8
-3.7555351,-8.310551,6.0,mid_5_5_6
-22.349096,0.49221364,8.5,very_high_8_5_9
-5.9760427,-25.128006,3.5,low_0_4
-8.363382,2.984012,6.0,mid_5_5_6
-26.43186,24.864689,6.5,upper_mid_6_5_7
16.20506,2.1593995,6.0,mid_5_5_6
26.618925,15.612569,6.0,mid_5_5_6
16.974314,-10.2650795,6.5,upper_mid_6_5_7
14.384736,-17.659065,5.5,mid_5_5_6
-12.61926,-3.6327877,6.5,upper_mid_6_5_7
38.831932,-21.16194,9.0,very_high_8_5_9
-8.00735,14.7798,6.0,mid_5_5_6
38.35982,24.144869,2.5,low_0_4
6.383335,-5.078469,3.5,low_0_4
-34.171696,8.86779,5.5,mid_5_5_6
-17.097237,17.140366,7.0,upper_mid_6_5_7
-17.962317,9.171207,8.0,high_7_5_8
10.575362,11.243803,5.0,lower_mid_4_5_5
-18.294817,-7.2466764,6.5,upper_mid_6_5_7
-21.625128,-9.065376,8.5,very_high_8_5_9
-23.454067,-5.1501174,7.5,high_7_5_8
-32.096207,3.1544437,6.0,mid_5_5_6
-39.277176,6.558818,7.0,upper_mid_6_5_7
8.032125,12.364658,6.5,upper_mid_6_5_7
39.874302,22.145544,3.0,low_0_4
-22.38641,0.65836364,8.0,high_7_5_8
-31.408089,-1.6351554,7.5,high_7_5_8
28.075617,-8.664711,7.0,upper_mid_6_5_7
18.135822,18.042456,6.5,upper_mid_6_5_7
-36.58462,-3.8917024,6.5,upper_mid_6_5_7
10.584658,-29.965576,2.5,low_0_4
2.1621957,-14.524644,6.0,mid_5_5_6
31.15569,-10.707129,4.0,low_0_4
58.53025,-15.954501,7.0,upper_mid_6_5_7
7.2602286,27.97662,4.5,lower_mid_4_5_5
11.808504,10.211695,5.5,mid_5_5_6
-37.765312,7.1635513,6.0,mid_5_5_6
-2.3821657,-22.314066,4.5,lower_mid_4_5_5
-33.685722,11.513746,6.5,upper_mid_6_5_7
-2.5484366,7.3157907,6.0,mid_5_5_6
-26.897877,-11.134607,7.0,upper_mid_6_5_7
5.545598,-18.87178,4.5,lower_mid_4_5_5
-10.727461,-28.34373,6.5,upper_mid_6_5_7
41.142567,0.07205412,5.5,mid_5_5_6
-19.756332,-18.74584,7.0,upper_mid_6_5_7
-36.367126,-2.893792,6.5,upper_mid_6_5_7
-26.229277,-8.628426,7.5,high_7_5_8
-2.105556,41.94783,7.0,upper_mid_6_5_7
-6.502282,12.7949295,7.0,upper_mid_6_5_7
-22.892714,-10.99896,6.5,upper_mid_6_5_7
10.811211,-9.206076,6.0,mid_5_5_6
3.6362143,17.261003,6.5,upper_mid_6_5_7
12.143928,24.487343,5.5,mid_5_5_6
3.8412952,-11.815668,4.0,low_0_4
-31.294989,22.762794,7.5,high_7_5_8
-10.249238,21.557873,6.0,mid_5_5_6
-0.70961076,-32.65475,2.5,low_0_4
9.830107,16.579044,6.0,mid_5_5_6
22.726297,-2.5839434,8.0,high_7_5_8
-4.6674376,45.638626,7.5,high_7_5_8
55.07991,-19.831182,7.0,upper_mid_6_5_7
5.3848047,-17.434969,7.0,upper_mid_6_5_7
31.323483,-24.82421,7.0,upper_mid_6_5_7
-37.896152,-5.5892286,5.5,mid_5_5_6
-14.831587,31.241268,6.5,upper_mid_6_5_7
-22.106005,-6.4792175,7.5,high_7_5_8
57.94755,-16.261246,8.0,high_7_5_8
42.54673,-14.363677,7.0,upper_mid_6_5_7
-5.961814,-19.697706,5.0,lower_mid_4_5_5
-7.3916445,-9.172664,4.0,low_0_4
-9.201737,-1.7489582,5.5,mid_5_5_6
40.245663,-4.239732,5.5,mid_5_5_6
3.6251633,22.517668,6.0,mid_5_5_6
-26.830166,-11.6863985,6.5,upper_mid_6_5_7
-13.570639,12.299329,7.0,upper_mid_6_5_7
-27.857527,-7.7984376,7.5,high_7_5_8
9.092909,-31.911053,1.5,low_0_4
-2.4625866,-14.429835,7.0,upper_mid_6_5_7
-36.53023,-3.3609183,6.0,mid_5_5_6
-22.921225,4.2534924,7.5,high_7_5_8
17.614647,-6.449336,5.5,mid_5_5_6
-28.00082,-14.096748,3.0,low_0_4
-17.674038,-3.9765944,5.0,lower_mid_4_5_5
-10.364807,6.2235336,6.5,upper_mid_6_5_7
-27.778006,18.952085,6.0,mid_5_5_6
1.0266733,-22.855139,6.5,upper_mid_6_5_7
-43.047607,-11.799073,0.0,low_0_4
-4.013693,41.516113,3.5,low_0_4
-13.139571,-0.81142676,7.0,upper_mid_6_5_7
-24.10204,-3.394761,5.5,mid_5_5_6
21.709723,12.96916,8.0,high_7_5_8
-39.85636,-11.844227,1.0,low_0_4
-22.814497,15.4397545,6.0,mid_5_5_6
9.237772,-10.546128,4.0,low_0_4
-23.061163,9.028928,8.5,very_high_8_5_9
6.348664,8.419688,6.0,mid_5_5_6
4.9271994,-30.896154,3.5,low_0_4
15.062336,31.897455,9.0,very_high_8_5_9
-6.357501,-19.140306,7.0,upper_mid_6_5_7
-16.222212,-5.4672704,3.5,low_0_4
-37.709484,-0.8070212,5.5,mid_5_5_6
-32.23572,-7.5684834,7.5,high_7_5_8
45.246174,1.2254304,7.5,high_7_5_8
14.086716,4.2465615,4.0,low_0_4
-31.249357,5.1398067,6.0,mid_5_5_6
-0.23272885,4.6913753,7.0,upper_mid_6_5_7
49.017292,-0.6666069,8.0,high_7_5_8
-28.09258,27.838001,4.0,low_0_4
15.141122,32.005733,1.0,low_0_4
36.622982,24.341885,3.0,low_0_4
6.7236466,-12.1082535,5.0,lower_mid_4_5_5
-6.2165484,-15.167278,8.0,high_7_5_8
37.30459,19.556503,7.0,upper_mid_6_5_7
29.58329,-11.88827,5.0,lower_mid_4_5_5
43.57473,-7.893093,5.5,mid_5_5_6
-11.075505,4.1020207,4.5,lower_mid_4_5_5
-34.028126,14.882063,5.5,mid_5_5_6
-4.607951,-28.465338,5.5,mid_5_5_6
-33.87323,20.50084,3.0,low_0_4
-31.142336,15.31955,6.5,upper_mid_6_5_7
-21.612204,-3.7551086,6.5,upper_mid_6_5_7
-11.993607,-3.554962,6.5,upper_mid_6_5_7
32.057365,-13.763307,4.0,low_0_4
-12.801327,1.3047093,4.0,low_0_4
18.135462,-2.0506678,3.5,low_0_4
-10.267006,-3.0475416,6.5,upper_mid_6_5_7
6.738758,18.370834,6.0,mid_5_5_6
-8.872414,-12.852992,5.0,lower_mid_4_5_5
-8.695512,18.37379,8.0,high_7_5_8
-17.203411,29.981754,4.0,low_0_4
3.1217992,-19.525684,3.0,low_0_4
-2.2509706,-20.734354,3.0,low_0_4
-20.699133,-4.451028,7.5,high_7_5_8
-22.351774,27.33379,6.5,upper_mid_6_5_7
-17.150843,-19.257202,7.0,upper_mid_6_5_7
-23.094563,-3.5856853,6.5,upper_mid_6_5_7
7.646797,2.8257535,5.0,lower_mid_4_5_5
13.109281,18.434679,4.0,low_0_4
-3.6076026,-14.376998,6.0,mid_5_5_6
10.0471325,30.794815,4.5,lower_mid_4_5_5
20.47273,24.76098,4.5,lower_mid_4_5_5
-14.895423,-2.3632276,8.0,high_7_5_8
-10.071713,2.2628047,5.0,lower_mid_4_5_5
-9.271795,-18.358366,6.0,mid_5_5_6
29.86108,-15.587974,5.0,lower_mid_4_5_5
0.5862547,2.5034592,6.0,mid_5_5_6
-25.604656,0.24236427,7.5,high_7_5_8
-4.75831,-0.41996855,6.0,mid_5_5_6
3.7717745,22.85405,6.5,upper_mid_6_5_7
-24.666075,31.798952,3.5,low_0_4
-4.676958,6.9833045,5.5,mid_5_5_6
-14.231093,-0.09321094,6.0,mid_5_5_6
14.07112,21.096142,3.5,low_0_4
14.015787,20.696375,3.5,low_0_4
5.574565,-28.26925,6.0,mid_5_5_6
-7.4686766,-13.842938,6.5,upper_mid_6_5_7
-35.377136,12.699726,8.0,high_7_5_8
-25.085169,0.13533768,8.5,very_high_8_5_9
15.08326,-2.8056674,4.0,low_0_4
-22.37769,24.768867,8.0,high_7_5_8
-22.363178,11.776798,7.0,upper_mid_6_5_7
0.98290026,21.512697,3.5,low_0_4
9.611432,-12.128185,6.0,mid_5_5_6
41.495594,-10.060891,7.0,upper_mid_6_5_7
-28.528873,10.542841,5.5,mid_5_5_6
-0.83244455,14.594253,6.5,upper_mid_6_5_7
-24.8863,20.36388,6.0,mid_5_5_6
-18.819574,3.921031,4.0,low_0_4
-11.151554,-26.302914,4.0,low_0_4
8.966108,-23.320826,2.0,low_0_4
-35.426804,6.8329563,6.5,upper_mid_6_5_7
-11.491408,7.3975234,6.5,upper_mid_6_5_7
41.44439,-5.0705194,4.0,low_0_4
-16.288212,29.955347,5.5,mid_5_5_6
-8.0785265,-6.726274,6.0,mid_5_5_6
1.0085149,24.532095,3.5,low_0_4
-21.762152,17.99185,6.5,upper_mid_6_5_7
-15.181505,-4.1584415,5.5,mid_5_5_6
20.571392,10.972826,7.5,high_7_5_8
-29.9469,8.405785,6.5,upper_mid_6_5_7
-22.456816,7.477813,7.0,upper_mid_6_5_7
7.800077,11.640082,7.0,upper_mid_6_5_7
-38.117043,19.150936,6.5,upper_mid_6_5_7
-33.972424,16.778242,6.0,mid_5_5_6
9.915545,3.5756745,5.5,mid_5_5_6
-33.614285,-0.55617625,6.0,mid_5_5_6
-8.914423,-8.874968,6.0,mid_5_5_6
-1.0655634,12.752805,5.0,lower_mid_4_5_5
3.4275203,9.63751,6.5,upper_mid_6_5_7
5.4212,-28.887213,3.5,low_0_4
-2.3446887,-15.679076,6.0,mid_5_5_6
17.682642,1.2554114,6.0,mid_5_5_6
51.479782,-2.8395538,8.0,high_7_5_8
1.7423164,-32.166416,2.5,low_0_4
-0.5433478,-9.010499,4.0,low_0_4
-37.678844,1.5260478,5.0,lower_mid_4_5_5
-3.3673742,-5.3530374,6.0,mid_5_5_6
0.8390207,19.782785,6.5,upper_mid_6_5_7
-0.97764784,25.211792,6.5,upper_mid_6_5_7
57.20637,-17.937815,8.0,high_7_5_8
9.757569,-0.730949,6.0,mid_5_5_6
-11.477573,-10.934232,4.5,lower_mid_4_5_5
33.86625,-6.675597,8.0,high_7_5_8
-28.036243,1.8529159,7.5,high_7_5_8
51.093636,0.4585712,8.5,very_high_8_5_9
35.882187,-10.968637,6.5,upper_mid_6_5_7
-13.372805,15.640469,5.0,lower_mid_4_5_5
-9.878014,-19.215494,7.0,upper_mid_6_5_7
-3.9934492,-24.295294,4.5,lower_mid_4_5_5
-12.332636,22.425539,6.5,upper_mid_6_5_7
4.9092765,-5.037375,4.0,low_0_4
-0.6151834,-1.4179657,4.0,low_0_4
-18.220984,-23.532907,8.0,high_7_5_8
45.685627,0.3085108,8.0,high_7_5_8
3.4168935,17.372728,6.0,mid_5_5_6
-31.078907,-3.9721816,8.0,high_7_5_8
-34.412846,14.209128,7.0,upper_mid_6_5_7
0.41136998,-2.6315522,7.0,upper_mid_6_5_7
49.740482,0.19141525,8.0,high_7_5_8
-24.74658,17.629251,7.0,upper_mid_6_5_7
36.256817,-14.619417,9.0,very_high_8_5_9
-0.55640805,16.169659,6.0,mid_5_5_6
-26.804977,22.836456,6.5,upper_mid_6_5_7
-4.7241044,-29.349653,4.0,low_0_4
33.93383,-18.581062,4.0,low_0_4
-15.416516,-36.809544,2.5,low_0_4
-35.346207,2.7346992,5.5,mid_5_5_6
-37.12425,-8.430184,6.5,upper_mid_6_5_7
-2.335214,-7.893206,8.5,very_high_8_5_9
-31.32849,-2.8548098,8.0,high_7_5_8
3.7216911,-0.21587542,3.0,low_0_4
1.9481459,11.212964,7.0,upper_mid_6_5_7
-4.6994224,-20.626846,4.5,lower_mid_4_5_5
-12.172687,-19.228008,6.5,upper_mid_6_5_7
-22.0308,27.442785,7.0,upper_mid_6_5_7
-13.533583,-14.440468,6.5,upper_mid_6_5_7
31.275875,-19.672432,4.0,low_0_4
-2.3943381,-4.7796917,8.0,high_7_5_8
9.046378,4.4524355,5.5,mid_5_5_6
-12.351577,4.181661,5.5,mid_5_5_6
-33.61987,-1.1594377,7.5,high_7_5_8
58.465885,-14.153852,9.0,very_high_8_5_9
4.4127064,-30.090387,2.5,low_0_4
-23.991955,27.60522,4.0,low_0_4
-6.5665975,21.466354,5.5,mid_5_5_6
-9.139202,-4.9616256,3.0,low_0_4
3.5172362,14.291008,4.0,low_0_4
-16.181646,-0.8862844,5.5,mid_5_5_6
-11.23977,-14.995753,6.0,mid_5_5_6
20.308008,3.697362,6.5,upper_mid_6_5_7
37.711185,-1.1182673,6.5,upper_mid_6_5_7
8.835592,-9.515373,5.5,mid_5_5_6
-13.681502,-6.7006216,6.5,upper_mid_6_5_7
-11.394439,-3.3214905,6.0,mid_5_5_6
38.28452,-5.2573304,6.5,upper_mid_6_5_7
12.74614,-4.4293423,7.0,upper_mid_6_5_7
-10.962352,-27.860603,6.5,upper_mid_6_5_7
0.54723036,-19.468864,6.0,mid_5_5_6
-13.697369,27.14806,6.5,upper_mid_6_5_7
-35.884518,14.57433,4.0,low_0_4
11.71861,32.025536,6.5,upper_mid_6_5_7
-0.74935454,-13.920706,7.0,upper_mid_6_5_7
-11.772137,-2.2015133,4.5,lower_mid_4_5_5
20.06743,-20.616047,8.0,high_7_5_8
-25.49134,13.790764,6.5,upper_mid_6_5_7
-1.6460544,22.472311,8.0,high_7_5_8
18.430693,4.9794364,5.5,mid_5_5_6
-9.057932,-21.230486,7.0,upper_mid_6_5_7
12.66632,27.036554,6.0,mid_5_5_6
9.51842,30.016563,6.0,mid_5_5_6
-19.903816,24.256258,6.0,mid_5_5_6
-17.137766,10.063757,8.0,high_7_5_8
-11.269735,20.254555,6.5,upper_mid_6_5_7
-28.026623,21.417065,8.0,high_7_5_8
-29.139074,-1.1795758,8.0,high_7_5_8
16.755682,16.210276,7.0,upper_mid_6_5_7
51.97609,2.2105515,8.5,very_high_8_5_9
16.710388,19.996983,3.5,low_0_4
17.894161,-24.30142,6.0,mid_5_5_6
14.060157,14.1499,5.5,mid_5_5_6
14.822877,-1.6998167,6.0,mid_5_5_6
-10.964408,5.2542515,5.5,mid_5_5_6
-18.68361,-16.347055,7.0,upper_mid_6_5_7
37.465843,21.410307,6.0,mid_5_5_6
15.452034,-19.849121,2.5,low_0_4
-12.411782,15.870539,5.5,mid_5_5_6
-23.443195,-7.7722597,8.0,high_7_5_8
-23.805098,13.061814,6.5,upper_mid_6_5_7
-18.184315,-7.8632073,6.0,mid_5_5_6
-30.320805,24.233673,5.5,mid_5_5_6
40.91849,-10.254923,6.5,upper_mid_6_5_7
-34.186172,-15.29181,4.0,low_0_4
-9.078104,-0.3876763,4.5,lower_mid_4_5_5
5.9412417,1.4329612,6.0,mid_5_5_6
41.03772,-12.701585,6.5,upper_mid_6_5_7
-7.933425,14.616062,6.0,mid_5_5_6
55.64845,-15.37573,8.0,high_7_5_8
-5.10887,-36.234123,2.5,low_0_4
60.01804,-16.109982,7.0,upper_mid_6_5_7
-13.172431,-36.518646,5.0,lower_mid_4_5_5
13.491528,-23.718262,4.5,lower_mid_4_5_5
-6.9047847,2.247763,6.0,mid_5_5_6
18.775198,5.3732495,4.0,low_0_4
33.338383,-5.5172043,5.0,lower_mid_4_5_5
8.895247,1.2860215,6.5,upper_mid_6_5_7
-38.182407,-0.08829548,5.5,mid_5_5_6
37.287457,-17.718836,7.0,upper_mid_6_5_7
2.8756218,22.282099,7.0,upper_mid_6_5_7
45.866756,3.8088577,8.0,high_7_5_8
-12.964425,-37.181774,4.0,low_0_4
20.318794,5.7026496,6.5,upper_mid_6_5_7
7.773443,14.041118,6.0,mid_5_5_6
37.393646,-17.569,7.0,upper_mid_6_5_7
-2.5461528,-23.64657,4.0,low_0_4
-25.455473,14.630801,4.5,lower_mid_4_5_5
-3.4039311,44.05237,7.0,upper_mid_6_5_7
-2.7872336,-32.139214,2.5,low_0_4
41.79984,-2.4322937,5.0,lower_mid_4_5_5
-43.06779,-11.813701,4.0,low_0_4
59.552464,-17.134945,9.0,very_high_8_5_9
4.7638426,-13.785452,6.0,mid_5_5_6
-10.961762,1.1182386,5.5,mid_5_5_6
-34.698307,24.744736,5.5,mid_5_5_6
15.043344,-4.012202,7.0,upper_mid_6_5_7
-13.2578535,-15.865217,7.0,upper_mid_6_5_7
39.460587,0.17875315,7.5,high_7_5_8
-10.7236595,10.312292,6.5,upper_mid_6_5_7
22.182398,0.88325053,2.5,low_0_4
-0.6477206,9.7888565,3.5,low_0_4
9.581983,16.251402,7.0,upper_mid_6_5_7
-30.560688,10.675147,6.5,upper_mid_6_5_7
48.80004,-1.8157281,8.0,high_7_5_8
18.260847,-24.531958,6.0,mid_5_5_6
19.344353,-8.758738,7.5,high_7_5_8
41.62661,-5.052313,5.5,mid_5_5_6
7.670406,4.9004793,7.0,upper_mid_6_5_7
-30.480793,-23.640919,8.5,very_high_8_5_9
-0.0048182257,43.38785,5.5,mid_5_5_6
-0.21558137,-8.172274,6.5,upper_mid_6_5_7
-29.127459,-16.851248,2.5,low_0_4
51.963173,-0.6806305,7.5,high_7_5_8
-6.991369,-18.994757,7.0,upper_mid_6_5_7
18.765553,4.278842,6.0,mid_5_5_6
9.921337,13.613815,3.0,low_0_4
-21.25201,31.46416,8.0,high_7_5_8
-30.582922,-2.7514396,6.0,mid_5_5_6
1.0969163,-2.7577007,7.5,high_7_5_8
8.091878,16.22841,6.0,mid_5_5_6
12.053657,14.369967,3.0,low_0_4
37.51065,-15.830834,7.0,upper_mid_6_5_7
46.241844,-3.828375,8.0,high_7_5_8
20.264456,1.3222083,3.5,low_0_4
11.019407,0.66899586,6.5,upper_mid_6_5_7
-37.25535,6.1102247,5.5,mid_5_5_6
-14.438525,-35.115208,4.5,lower_mid_4_5_5
-32.08107,16.30936,7.0,upper_mid_6_5_7
37.17257,-10.557889,9.0,very_high_8_5_9
9.922718,-2.4348516,6.5,upper_mid_6_5_7
-29.781322,1.9019432,6.5,upper_mid_6_5_7
-29.393364,15.11242,6.5,upper_mid_6_5_7
7.1163006,8.0825,7.5,high_7_5_8
37.55678,-22.04691,9.0,very_high_8_5_9
35.52094,-17.321484,6.0,mid_5_5_6
47.946392,-8.43479,8.5,very_high_8_5_9
9.7396,-19.52718,3.0,low_0_4
13.052496,-14.916314,7.0,upper_mid_6_5_7
-20.831432,-19.196926,6.5,upper_mid_6_5_7
24.650002,13.565872,4.0,low_0_4
1.9604471,-8.262867,4.0,low_0_4
44.645264,-6.4529066,7.5,high_7_5_8
-4.962433,9.150918,6.0,mid_5_5_6
0.40311956,-33.19657,3.5,low_0_4
-27.610495,29.1142,7.0,upper_mid_6_5_7
37.23909,-4.2423234,6.5,upper_mid_6_5_7
9.168233,13.710237,4.0,low_0_4
37.051296,-9.016102,7.0,upper_mid_6_5_7
27.714571,11.393061,2.0,low_0_4
37.891964,1.2115842,5.5,mid_5_5_6
46.16768,3.3858821,7.5,high_7_5_8
30.638323,-8.18558,4.0,low_0_4
50.794632,-16.164663,9.0,very_high_8_5_9
19.305784,-8.732225,6.0,mid_5_5_6
-29.162617,16.1346,7.5,high_7_5_8
-1.7708167,15.601148,6.0,mid_5_5_6
-30.043407,7.454902,5.5,mid_5_5_6
3.4623427,18.64362,7.5,high_7_5_8
34.58711,-16.54026,4.0,low_0_4
38.987038,-17.762938,9.0,very_high_8_5_9
-6.71824,14.249203,6.5,upper_mid_6_5_7
-10.438408,-24.673292,4.5,lower_mid_4_5_5
-28.976719,6.0033503,6.5,upper_mid_6_5_7
6.8514557,-22.903023,3.5,low_0_4
36.784912,-1.2371823,6.5,upper_mid_6_5_7
37.52634,23.181807,4.0,low_0_4
-6.5872693,44.248604,3.5,low_0_4
-2.1290126,27.770506,4.5,lower_mid_4_5_5
-5.0745654,41.724564,2.5,low_0_4
-25.046452,4.832659,4.5,lower_mid_4_5_5
-21.381788,-2.9697263,6.5,upper_mid_6_5_7
2.1073134,24.997637,7.0,upper_mid_6_5_7
28.666996,-18.673758,4.0,low_0_4
-10.846334,22.54661,9.0,very_high_8_5_9
46.368587,-2.2411406,7.5,high_7_5_8
38.59768,-21.162628,9.0,very_high_8_5_9
-29.414835,-15.663718,3.5,low_0_4
-2.8964949,-9.419737,6.0,mid_5_5_6
5.0422683,26.538849,4.0,low_0_4
13.77634,27.317574,5.5,mid_5_5_6
7.7314205,-2.258328,6.0,mid_5_5_6
31.2133,-11.683996,5.5,mid_5_5_6
-12.924973,19.25515,4.5,lower_mid_4_5_5
-28.682554,-22.198683,6.0,mid_5_5_6
2.643339,-10.606662,7.0,upper_mid_6_5_7
35.587505,22.30762,3.5,low_0_4
-8.81005,-9.7128315,6.0,mid_5_5_6
15.5318775,-12.918207,8.5,very_high_8_5_9
-26.238441,-1.8550912,7.5,high_7_5_8
57.073,-19.586376,8.0,high_7_5_8
10.5275345,-7.3144093,6.0,mid_5_5_6
3.5085044,20.304426,6.0,mid_5_5_6
-8.886695,1.5856632,6.5,upper_mid_6_5_7
15.282664,-9.546369,8.0,high_7_5_8
-13.16426,-11.852029,6.0,mid_5_5_6
-25.186188,2.7674394,6.5,upper_mid_6_5_7
-35.15931,12.787089,7.5,high_7_5_8
-0.49386224,9.85566,4.0,low_0_4
37.003696,-16.279362,7.0,upper_mid_6_5_7
-37.638756,12.84926,5.5,mid_5_5_6
-5.951796,10.412993,3.5,low_0_4
57.412262,-15.516483,8.0,high_7_5_8
-23.684444,25.011885,8.0,high_7_5_8
43.26747,-0.6448965,6.0,mid_5_5_6
-33.776386,2.5078056,5.5,mid_5_5_6
-32.322197,-11.708728,8.0,high_7_5_8
-19.222576,17.089796,6.0,mid_5_5_6
-28.237556,27.650286,4.5,lower_mid_4_5_5
-34.842854,11.319714,8.0,high_7_5_8
-6.2820277,-21.922743,4.0,low_0_4
39.531063,22.99654,2.5,low_0_4
-0.737936,19.525517,6.5,upper_mid_6_5_7
-22.779188,18.514484,6.0,mid_5_5_6
-26.031599,-7.9428315,7.5,high_7_5_8
55.99147,-17.180256,7.0,upper_mid_6_5_7
-11.7984295,16.416107,4.0,low_0_4
0.15419635,-20.222574,3.0,low_0_4
25.301441,8.194351,6.5,upper_mid_6_5_7
-7.451222,-24.961803,7.0,upper_mid_6_5_7
35.622498,20.842388,7.0,upper_mid_6_5_7
-24.73056,19.294514,6.0,mid_5_5_6
-33.22846,26.250986,4.5,lower_mid_4_5_5
51.893475,0.4781553,8.0,high_7_5_8
-5.011645,-10.0074005,8.5,very_high_8_5_9
2.6112547,-11.317897,6.0,mid_5_5_6
-15.832991,-0.7232691,7.5,high_7_5_8
3.6966887,24.512184,6.5,upper_mid_6_5_7
14.974966,23.596142,5.5,mid_5_5_6
-1.4756103,-7.224318,6.0,mid_5_5_6
-25.58797,11.018225,6.5,upper_mid_6_5_7
12.20989,-31.862034,5.0,lower_mid_4_5_5
-15.8721075,-12.575816,8.5,very_high_8_5_9
-25.255033,-1.986091,8.0,high_7_5_8
-9.758261,3.441359,6.5,upper_mid_6_5_7
3.323096,-27.82607,3.0,low_0_4
5.887362,20.57371,7.0,upper_mid_6_5_7
5.5944824,-23.083824,6.0,mid_5_5_6
25.923235,15.36314,7.0,upper_mid_6_5_7
-16.67104,0.6270579,5.0,lower_mid_4_5_5
-40.152004,-2.5400596,6.0,mid_5_5_6
32.099697,-19.190275,4.0,low_0_4
-37.461452,-8.601394,5.5,mid_5_5_6
36.942047,-18.75222,9.0,very_high_8_5_9
-2.4506273,2.014745,7.5,high_7_5_8
25.707766,30.227354,5.5,mid_5_5_6
47.280315,-4.4399376,8.5,very_high_8_5_9
-15.124213,6.2677417,7.5,high_7_5_8
38.44397,-18.682789,9.0,very_high_8_5_9
-3.1916435,20.809977,8.0,high_7_5_8
-26.614717,28.434076,4.0,low_0_4
-19.363272,25.314127,6.0,mid_5_5_6
26.962614,-16.174395,3.0,low_0_4
25.700485,30.456161,4.5,lower_mid_4_5_5
9.936203,9.682813,9.0,very_high_8_5_9
-4.3144326,16.161278,5.5,mid_5_5_6
18.749664,13.539661,6.0,mid_5_5_6
-13.36674,4.19387,5.5,mid_5_5_6
-10.613529,-10.397062,4.0,low_0_4
-5.1171803,5.4203806,5.5,mid_5_5_6
49.604717,-3.5615563,8.0,high_7_5_8
-25.587944,-14.43644,7.5,high_7_5_8
34.230484,-8.366637,7.5,high_7_5_8
15.127238,20.056664,4.5,lower_mid_4_5_5
-24.874765,-9.304546,6.5,upper_mid_6_5_7
42.834015,-3.70542,5.5,mid_5_5_6
-11.442619,-25.189692,4.0,low_0_4
-11.945881,7.184441,6.5,upper_mid_6_5_7
-20.308638,16.119131,7.0,upper_mid_6_5_7
4.29713,18.041033,5.0,lower_mid_4_5_5
34.698803,-16.902586,4.0,low_0_4
32.23749,-15.0412855,4.0,low_0_4
25.250414,8.216941,6.0,mid_5_5_6
-23.44404,-16.908081,7.5,high_7_5_8
4.513284,19.13116,6.5,upper_mid_6_5_7
-13.671481,-6.5225906,7.0,upper_mid_6_5_7
-20.715023,13.179968,5.5,mid_5_5_6
51.104923,1.6779001,7.5,high_7_5_8
45.464874,4.545405,7.5,high_7_5_8
-12.451464,-36.632595,5.5,mid_5_5_6
-9.560789,-21.284407,7.5,high_7_5_8
35.882973,22.693274,5.5,mid_5_5_6
-20.060144,32.38099,8.0,high_7_5_8
-5.1310334,-36.26158,4.0,low_0_4
-22.098293,-6.033362,6.5,upper_mid_6_5_7
59.657017,-16.399214,9.0,very_high_8_5_9
27.23286,10.93998,5.0,lower_mid_4_5_5
-4.9500923,3.1901653,6.5,upper_mid_6_5_7
45.750454,-0.060794383,8.0,high_7_5_8
-21.55813,22.626268,7.0,upper_mid_6_5_7
6.2368627,26.15945,4.5,lower_mid_4_5_5
38.888073,22.725878,6.0,mid_5_5_6
-8.986557,18.833626,7.0,upper_mid_6_5_7
16.824049,23.846823,4.0,low_0_4
-4.7675195,-17.395845,7.0,upper_mid_6_5_7
-19.2639,-11.276162,8.0,high_7_5_8
-21.201853,9.396688,6.5,upper_mid_6_5_7
-20.24463,-18.166313,8.0,high_7_5_8
-18.807587,-20.435404,7.0,upper_mid_6_5_7
-7.121547,-21.135536,6.0,mid_5_5_6
-25.949697,5.1370654,6.5,upper_mid_6_5_7
1.6564134,-15.660096,6.0,mid_5_5_6
26.555878,24.3183,7.0,upper_mid_6_5_7
3.1426601,-4.153129,5.5,mid_5_5_6
-23.705679,-0.074949294,8.5,very_high_8_5_9
-40.187847,1.7043873,3.5,low_0_4
-31.048552,18.104143,6.0,mid_5_5_6
18.959713,22.154158,5.0,lower_mid_4_5_5
-32.53665,13.577979,7.0,upper_mid_6_5_7
5.9010944,-2.161352,7.5,high_7_5_8
-22.503117,13.663243,7.0,upper_mid_6_5_7
-4.0336804,-9.414789,7.0,upper_mid_6_5_7
2.0580714,-17.895603,6.0,mid_5_5_6
-27.963469,-23.349949,7.0,upper_mid_6_5_7
-24.821106,-11.873183,5.5,mid_5_5_6
1.9184389,16.511961,5.0,lower_mid_4_5_5
-7.1343937,-11.076696,7.0,upper_mid_6_5_7
58.035748,-17.248857,7.0,upper_mid_6_5_7
3.700676,31.807983,6.0,mid_5_5_6
-33.75347,-3.2735999,6.5,upper_mid_6_5_7
44.437458,1.1178955,7.5,high_7_5_8
30.57291,-18.573383,4.0,low_0_4
41.11256,-7.432851,6.5,upper_mid_6_5_7
-15.269994,25.703873,8.5,very_high_8_5_9
44.03919,0.8993684,8.0,high_7_5_8
-9.775055,-32.530724,4.0,low_0_4
34.235733,-17.147022,4.0,low_0_4
42.492374,-1.034237,4.0,low_0_4
-20.436777,-1.2751848,7.0,upper_mid_6_5_7
18.07216,0.85013705,6.5,upper_mid_6_5_7
19.446507,-26.086447,7.0,upper_mid_6_5_7
-20.998987,-22.125813,5.0,lower_mid_4_5_5
25.325132,17.40906,4.0,low_0_4
-21.367535,7.5712905,7.5,high_7_5_8
-28.247778,4.200374,7.5,high_7_5_8
2.2920978,8.46735,7.0,upper_mid_6_5_7
35.384655,-12.574763,9.0,very_high_8_5_9
-31.27312,2.1641166,7.5,high_7_5_8
-13.146571,8.51366,6.5,upper_mid_6_5_7
10.667375,-0.9209424,8.5,very_high_8_5_9
-19.650331,15.405155,8.0,high_7_5_8
-1.9534174,-6.96525,7.0,upper_mid_6_5_7
-25.02105,17.805904,8.0,high_7_5_8
-15.072809,5.986346,6.5,upper_mid_6_5_7
25.781364,29.222027,6.0,mid_5_5_6
4.084555,9.268864,6.0,mid_5_5_6
-8.997133,8.897635,6.0,mid_5_5_6
-2.119772,-3.0948238,6.0,mid_5_5_6
-4.4153986,-9.592037,8.5,very_high_8_5_9
-15.855697,-9.211915,6.0,mid_5_5_6
-25.647673,-5.536082,8.0,high_7_5_8
16.062258,4.9030247,6.5,upper_mid_6_5_7
-3.1036887,46.32678,8.0,high_7_5_8
2.8669128,15.021167,3.5,low_0_4
-31.172827,-21.0812,7.5,high_7_5_8
-31.391088,2.1620538,6.0,mid_5_5_6
6.6650224,8.603684,5.5,mid_5_5_6
37.668213,-7.857239,7.0,upper_mid_6_5_7
-6.152138,-3.8528724,8.5,very_high_8_5_9
-18.246426,-19.081022,7.5,high_7_5_8
6.814319,23.158516,6.5,upper_mid_6_5_7
1.5962545,7.7318864,5.5,mid_5_5_6
32.454685,-19.532545,4.0,low_0_4
9.946455,1.52909,8.0,high_7_5_8
-19.889385,8.029035,6.5,upper_mid_6_5_7
46.215588,4.3024154,7.5,high_7_5_8
13.814218,5.907351,6.0,mid_5_5_6
10.221709,-1.9151081,8.0,high_7_5_8
-1.9902041,-23.00881,4.5,lower_mid_4_5_5
1.2429385,-4.505014,7.5,high_7_5_8
24.621286,16.53851,5.0,lower_mid_4_5_5
-35.01395,-20.050844,6.5,upper_mid_6_5_7
50.186554,-0.91626495,7.5,high_7_5_8
18.727331,4.4107933,7.0,upper_mid_6_5_7
15.446847,-9.649125,6.0,mid_5_5_6
-5.6347117,42.093014,2.5,low_0_4
-14.810607,-34.274776,6.5,upper_mid_6_5_7
-11.304868,-34.078293,3.5,low_0_4
10.751656,1.8226599,8.5,very_high_8_5_9
-28.018288,-12.72478,3.5,low_0_4
-26.549318,25.809593,7.0,upper_mid_6_5_7
-13.056846,-8.763176,4.0,low_0_4
60.69692,-17.593147,7.0,upper_mid_6_5_7
-27.86098,11.52017,5.0,lower_mid_4_5_5
38.843,-9.869007,5.0,lower_mid_4_5_5
48.37494,-8.439525,9.0,very_high_8_5_9
7.406933,9.875699,6.0,mid_5_5_6
-31.452415,-23.675945,7.0,upper_mid_6_5_7
-28.11335,0.14437255,7.5,high_7_5_8
-30.54825,4.4087434,5.5,mid_5_5_6
-18.491354,-1.5556787,6.5,upper_mid_6_5_7
16.463552,7.8274827,7.0,upper_mid_6_5_7
-27.446964,15.18749,3.0,low_0_4
-15.070222,-8.888401,6.5,upper_mid_6_5_7
-11.185789,22.44266,7.0,upper_mid_6_5_7
18.09087,9.010635,6.5,upper_mid_6_5_7
15.142052,11.661781,7.0,upper_mid_6_5_7
12.231681,0.31809074,7.0,upper_mid_6_5_7
6.990021,6.778424,7.0,upper_mid_6_5_7
11.528813,31.750443,6.5,upper_mid_6_5_7
16.667133,17.486362,5.5,mid_5_5_6
-17.670391,-5.246147,7.0,upper_mid_6_5_7
21.68136,16.27803,2.5,low_0_4
59.752235,-19.495901,7.0,upper_mid_6_5_7
-12.598019,-17.867819,6.0,mid_5_5_6
22.822155,6.2844577,6.0,mid_5_5_6
-25.644054,26.484917,5.0,lower_mid_4_5_5
-5.9299545,-30.742811,5.5,mid_5_5_6
20.416965,-12.1265745,3.0,low_0_4
40.858276,-10.990072,5.0,lower_mid_4_5_5
-30.33016,-1.3921503,7.0,upper_mid_6_5_7
0.8163229,-32.248955,3.5,low_0_4
8.79014,-7.160222,6.0,mid_5_5_6
-15.829987,-13.037264,8.5,very_high_8_5_9
1.2514071,-19.731804,3.0,low_0_4
8.79441,-9.490719,4.0,low_0_4
34.218636,-14.259967,5.5,mid_5_5_6
-13.767997,-4.253951,6.5,upper_mid_6_5_7
1.8684413,18.391315,7.0,upper_mid_6_5_7
35.392387,-3.090882,6.5,upper_mid_6_5_7
6.979209,-9.9290695,6.0,mid_5_5_6
2.4623742,-2.1932316,6.0,mid_5_5_6
-1.3632476,-11.3908415,6.0,mid_5_5_6
-13.504848,18.19226,6.5,upper_mid_6_5_7
10.749919,-28.444498,2.5,low_0_4
-4.629125,-15.683256,6.0,mid_5_5_6
-8.523196,-20.330597,7.0,upper_mid_6_5_7
-3.2786467,18.497663,3.0,low_0_4
-0.4172571,-9.593989,3.0,low_0_4
-16.316584,12.17577,7.0,upper_mid_6_5_7
-19.485193,-2.6081133,7.5,high_7_5_8
-0.12580268,15.249515,6.5,upper_mid_6_5_7
-19.387222,1.5604085,7.5,high_7_5_8
5.415295,-19.237406,2.0,low_0_4
12.58547,7.543601,6.0,mid_5_5_6
10.9949465,-27.472715,4.5,lower_mid_4_5_5
-21.120184,20.723091,6.5,upper_mid_6_5_7
-0.22033873,-15.159326,9.0,very_high_8_5_9
-17.937021,-25.200397,5.5,mid_5_5_6
20.183361,-5.890041,6.0,mid_5_5_6
57.247562,-19.3545,8.0,high_7_5_8
43.75094,-9.61042,6.5,upper_mid_6_5_7
-16.750832,25.77593,8.0,high_7_5_8
-5.0391326,-8.38845,7.5,high_7_5_8
30.96199,-10.502866,6.0,mid_5_5_6
-40.89183,-1.9058468,5.5,mid_5_5_6
23.203625,11.561483,6.5,upper_mid_6_5_7
34.60425,-19.528805,3.0,low_0_4
-30.241312,0.6138964,6.5,upper_mid_6_5_7
-36.721584,0.41435868,6.0,mid_5_5_6
-30.370348,-21.288746,5.5,mid_5_5_6
-9.015451,5.6159315,7.5,high_7_5_8
-19.594381,32.31973,5.5,mid_5_5_6
41.502674,-8.0260315,4.0,low_0_4
-19.274649,-21.104492,7.0,upper_mid_6_5_7
-19.76005,-5.265578,7.5,high_7_5_8
14.289185,21.741583,2.0,low_0_4
-7.3868403,10.284482,2.0,low_0_4
-10.270228,-21.064116,7.5,high_7_5_8
-26.271544,13.773382,5.5,mid_5_5_6
-27.737307,-2.54428,7.5,high_7_5_8
-32.11213,24.979027,6.5,upper_mid_6_5_7
-13.470226,-34.28451,3.5,low_0_4
-5.8055696,28.232414,5.5,mid_5_5_6
-12.618076,-13.171033,6.5,upper_mid_6_5_7
-13.406831,-12.396254,7.0,upper_mid_6_5_7
-19.161695,9.734414,6.0,mid_5_5_6
-32.0636,9.1157055,5.5,mid_5_5_6
-31.721577,13.176687,6.5,upper_mid_6_5_7
32.84097,-1.7720853,8.0,high_7_5_8
4.7151103,-10.456115,4.5,lower_mid_4_5_5
-2.579775,-20.3213,3.0,low_0_4
-13.949584,2.1889744,7.5,high_7_5_8
5.29944,-5.8385005,3.5,low_0_4
9.262307,16.106777,6.0,mid_5_5_6
8.644939,-19.53451,3.0,low_0_4
-26.96374,9.69424,5.5,mid_5_5_6
-5.0503893,-13.935416,7.0,upper_mid_6_5_7
-22.527618,-11.702733,7.0,upper_mid_6_5_7
-4.975239,41.912937,4.0,low_0_4
-18.244236,11.308196,8.5,very_high_8_5_9
-9.416969,-13.508497,3.0,low_0_4
-17.151781,14.914565,6.5,upper_mid_6_5_7
-13.372786,9.33338,6.0,mid_5_5_6
-1.5102063,-29.844736,2.5,low_0_4
-3.3642545,-15.4149685,6.5,upper_mid_6_5_7
7.2438016,14.839434,5.5,mid_5_5_6
15.316049,-5.091422,8.0,high_7_5_8
-15.888153,-16.917664,6.0,mid_5_5_6
-14.60254,-27.823887,4.0,low_0_4
48.352554,-5.039906,8.5,very_high_8_5_9
-17.904099,-14.142583,7.0,upper_mid_6_5_7
9.650023,28.421278,6.5,upper_mid_6_5_7
-34.531773,-6.004317,5.5,mid_5_5_6
39.237137,-10.380724,7.0,upper_mid_6_5_7
-0.8380706,-8.730819,5.0,lower_mid_4_5_5
-4.683859,-21.14361,3.0,low_0_4
17.441832,4.0372543,7.5,high_7_5_8
5.9337645,-8.669635,6.0,mid_5_5_6
55.088352,-17.993816,7.0,upper_mid_6_5_7
46.426666,-1.676234,8.0,high_7_5_8
-6.8447647,0.53571045,6.5,upper_mid_6_5_7
-10.733141,-11.657498,7.0,upper_mid_6_5_7
30.062063,-12.771639,6.0,mid_5_5_6
-10.75453,-21.529867,7.5,high_7_5_8
1.512738,21.296358,5.0,lower_mid_4_5_5
0.8015717,37.555225,6.5,upper_mid_6_5_7
47.666412,-1.8314023,8.5,very_high_8_5_9
-5.439383,-13.15399,6.0,mid_5_5_6
38.350727,-13.126201,7.5,high_7_5_8
9.47473,18.05102,6.0,mid_5_5_6
36.904697,23.388857,7.0,upper_mid_6_5_7
-8.772075,43.68672,6.0,mid_5_5_6
7.6538844,-7.1317286,7.0,upper_mid_6_5_7
-14.570592,21.260384,9.0,very_high_8_5_9
-29.62256,25.396435,7.0,upper_mid_6_5_7
-2.7209957,-9.506606,4.0,low_0_4
48.32716,-2.8596287,8.0,high_7_5_8
-22.037834,22.407959,7.0,upper_mid_6_5_7
-36.735172,10.902999,5.5,mid_5_5_6
-20.352343,5.229266,6.5,upper_mid_6_5_7
10.836489,30.106068,5.5,mid_5_5_6
31.974083,-17.527239,7.0,upper_mid_6_5_7
15.958616,1.3056202,6.0,mid_5_5_6
-11.893174,20.229916,6.5,upper_mid_6_5_7
-7.9381027,4.509188,6.0,mid_5_5_6
-9.762108,-17.537859,7.0,upper_mid_6_5_7
-31.75851,17.231363,7.5,high_7_5_8
13.531188,9.237853,5.5,mid_5_5_6
-29.197784,15.61655,7.0,upper_mid_6_5_7
54.693806,-20.46068,8.0,high_7_5_8
-7.755692,-11.294907,6.5,upper_mid_6_5_7
-34.255234,-19.479252,6.5,upper_mid_6_5_7
58.361877,-14.152357,8.0,high_7_5_8
-28.866325,-12.458728,4.5,lower_mid_4_5_5
-5.374405,-20.078098,5.0,lower_mid_4_5_5
8.385942,-1.639242,7.5,high_7_5_8
-11.823758,-1.2952522,3.5,low_0_4
-17.025621,17.824793,6.5,upper_mid_6_5_7
-21.819933,-25.28624,5.5,mid_5_5_6
-9.162865,41.425148,5.5,mid_5_5_6
5.039988,-31.018215,4.5,lower_mid_4_5_5
-24.394234,-20.039307,5.0,lower_mid_4_5_5
-27.329151,-4.085752,7.5,high_7_5_8
-17.658293,-7.1652794,7.0,upper_mid_6_5_7
-17.769394,8.451801,8.5,very_high_8_5_9
57.111107,-16.889296,8.0,high_7_5_8
-9.112402,34.199192,7.5,high_7_5_8
24.285515,2.7066681,6.0,mid_5_5_6
-3.062432,13.137773,3.5,low_0_4
47.185997,-1.6550158,8.0,high_7_5_8
-39.25989,16.054861,7.5,high_7_5_8
-1.8509104,3.4335685,5.5,mid_5_5_6
-17.861767,5.883418,7.0,upper_mid_6_5_7
-38.532185,12.739713,4.5,lower_mid_4_5_5
-32.920105,5.7352858,6.5,upper_mid_6_5_7
-8.763935,-21.897142,4.5,lower_mid_4_5_5
-8.798381,15.532108,5.5,mid_5_5_6
13.115166,-6.3756595,5.0,lower_mid_4_5_5
19.085533,3.661432,6.0,mid_5_5_6
-4.9141526,15.49964,6.0,mid_5_5_6
-7.1460223,21.730354,8.0,high_7_5_8
10.570246,1.0297835,6.0,mid_5_5_6
4.4163656,20.520472,7.0,upper_mid_6_5_7
-10.47336,-25.817963,3.0,low_0_4
36.463184,21.661213,3.5,low_0_4
0.11052726,-25.993046,3.5,low_0_4
-15.032401,23.841305,7.5,high_7_5_8
-14.239968,-0.13826324,6.0,mid_5_5_6
25.419014,28.547184,4.0,low_0_4
-0.73932487,16.713951,7.0,upper_mid_6_5_7
-21.892714,30.848776,3.0,low_0_4
-29.295023,-1.5533662,7.5,high_7_5_8
-1.0568377,29.725643,7.0,upper_mid_6_5_7
50.545124,-16.119202,7.0,upper_mid_6_5_7
5.856296,-8.621896,5.5,mid_5_5_6
29.326748,-15.624907,3.0,low_0_4
19.407593,10.962136,5.5,mid_5_5_6
39.709263,-8.753971,6.5,upper_mid_6_5_7
0.45215258,10.0832,7.0,upper_mid_6_5_7
15.939372,0.9123276,6.5,upper_mid_6_5_7
-42.293446,-11.357564,2.5,low_0_4
14.386371,-12.03107,8.0,high_7_5_8
14.391948,6.1976347,6.5,upper_mid_6_5_7
33.189674,-16.30411,6.0,mid_5_5_6
-12.522317,-13.343664,7.0,upper_mid_6_5_7
-15.283683,-10.985861,8.5,very_high_8_5_9
4.1971083,-9.618974,6.0,mid_5_5_6
-20.160524,-15.621739,6.0,mid_5_5_6
-9.579366,41.220634,4.0,low_0_4
5.2392898,15.724694,6.5,upper_mid_6_5_7
2.0331678,-22.120314,6.0,mid_5_5_6
-15.764965,-13.70385,7.0,upper_mid_6_5_7
-34.02,-15.244127,4.0,low_0_4
-25.29231,-9.02202,7.5,high_7_5_8
22.112947,-8.181888,3.0,low_0_4
0.9579083,-9.138121,4.0,low_0_4
-15.0688,6.7922664,6.5,upper_mid_6_5_7
14.227466,-11.21026,7.0,upper_mid_6_5_7
10.535434,29.636929,4.0,low_0_4
-20.448423,10.970158,6.5,upper_mid_6_5_7
-28.978575,-22.52909,4.0,low_0_4
40.148758,-0.031275757,6.0,mid_5_5_6
37.80822,23.734873,3.5,low_0_4
35.77956,23.923227,4.0,low_0_4
15.988353,20.881826,5.0,lower_mid_4_5_5
46.231903,3.8276353,8.0,high_7_5_8
-19.93155,23.8733,6.0,mid_5_5_6
-0.9311062,28.12487,6.5,upper_mid_6_5_7
29.549013,-8.32984,9.0,very_high_8_5_9
-0.41627222,-0.82608575,7.0,upper_mid_6_5_7
-13.717969,11.892019,6.0,mid_5_5_6
46.9026,2.1023602,8.0,high_7_5_8
9.156208,11.425719,6.0,mid_5_5_6
0.1070505,13.249686,3.5,low_0_4
-29.366623,-22.796509,8.0,high_7_5_8
56.35059,-19.342602,8.0,high_7_5_8
-14.511228,-19.955576,6.0,mid_5_5_6
1.2407266,15.823798,7.0,upper_mid_6_5_7
-11.723569,-4.6913958,8.0,high_7_5_8
-22.938232,4.385847,8.0,high_7_5_8
-16.77275,-7.4356174,7.0,upper_mid_6_5_7
14.969597,3.091958,6.0,mid_5_5_6
3.6365426,32.23915,7.0,upper_mid_6_5_7
-0.98483443,-22.655647,6.0,mid_5_5_6
-19.270992,8.233569,7.0,upper_mid_6_5_7
-30.399448,-2.6694458,7.0,upper_mid_6_5_7
9.640255,6.5744386,5.0,lower_mid_4_5_5
6.121589,-23.92239,4.0,low_0_4
-11.811853,5.649255,3.5,low_0_4
-3.5686777,-15.889751,6.0,mid_5_5_6
-26.801504,-12.476829,3.5,low_0_4
-28.501509,-5.4440284,8.0,high_7_5_8
-32.561863,15.015979,7.5,high_7_5_8
-3.8791156,4.7608895,7.0,upper_mid_6_5_7
-6.7222185,-7.9144855,5.5,mid_5_5_6
-2.6350646,-26.28364,3.0,low_0_4
11.234536,-1.8527336,7.0,upper_mid_6_5_7
33.48316,-12.515155,7.0,upper_mid_6_5_7
-29.933846,9.243229,6.5,upper_mid_6_5_7
-21.497087,-19.313723,4.0,low_0_4
30.139387,-6.8912077,6.5,upper_mid_6_5_7
47.017563,0.53925526,7.5,high_7_5_8
36.464947,-6.534292,4.0,low_0_4
58.82433,-18.979778,7.0,upper_mid_6_5_7
23.114386,11.389388,6.5,upper_mid_6_5_7
-15.198207,-36.60957,6.0,mid_5_5_6
-15.353545,2.9467907,7.0,upper_mid_6_5_7
-6.879161,5.349844,7.5,high_7_5_8
27.593536,-12.994451,4.0,low_0_4
-22.436981,16.446306,6.5,upper_mid_6_5_7
-16.854961,-4.995423,6.5,upper_mid_6_5_7
1.7329048,-0.39847314,6.0,mid_5_5_6
-32.49339,-5.752229,7.5,high_7_5_8
-4.385414,-5.542955,7.0,upper_mid_6_5_7
48.873047,-2.604328,8.5,very_high_8_5_9
8.317283,25.780443,6.0,mid_5_5_6
38.74559,-7.7712913,4.5,lower_mid_4_5_5
21.872347,5.856889,4.5,lower_mid_4_5_5
5.436176,-3.1281445,9.0,very_high_8_5_9
-15.540964,14.364396,5.5,mid_5_5_6
-25.01702,6.947076,7.5,high_7_5_8
-9.73757,-16.364742,6.0,mid_5_5_6
-4.783925,-4.7256002,8.5,very_high_8_5_9
-33.8974,1.2540817,6.0,mid_5_5_6
8.93404,15.011025,7.0,upper_mid_6_5_7
37.070736,22.74358,7.5,high_7_5_8
-33.46448,19.823479,5.5,mid_5_5_6
-21.87991,7.6906576,6.5,upper_mid_6_5_7
-38.783695,14.946035,4.0,low_0_4
-19.836731,-2.4067588,6.0,mid_5_5_6
13.114103,27.148735,6.5,upper_mid_6_5_7
-4.041304,46.4611,7.5,high_7_5_8
-6.570215,-3.5181687,6.0,mid_5_5_6
24.484997,13.23537,4.0,low_0_4
7.2599936,0.004934566,3.5,low_0_4
-20.409521,17.60287,4.5,lower_mid_4_5_5
-8.653106,13.849342,6.5,upper_mid_6_5_7
-3.7426286,6.2319446,5.5,mid_5_5_6
-26.248337,3.3221605,4.5,lower_mid_4_5_5
3.384734,-2.5180874,3.5,low_0_4
-41.015034,13.001763,2.5,low_0_4
-19.757868,-8.55302,7.5,high_7_5_8
-18.287666,-7.6735816,5.5,mid_5_5_6
11.212693,-27.087864,3.5,low_0_4
-8.015492,4.425663,5.5,mid_5_5_6
5.121237,15.974865,6.5,upper_mid_6_5_7
3.5131495,5.2131124,3.0,low_0_4
6.751111,13.020101,6.0,mid_5_5_6
-20.750689,15.105736,5.5,mid_5_5_6
14.267116,0.39696985,5.0,lower_mid_4_5_5
-20.316809,9.297347,5.5,mid_5_5_6
11.594138,-13.56835,6.0,mid_5_5_6
0.57362264,11.88053,3.5,low_0_4
37.83785,-11.982017,7.0,upper_mid_6_5_7
30.456482,-25.097391,4.0,low_0_4
-3.0232277,-18.785435,3.5,low_0_4
-18.723385,16.361467,7.5,high_7_5_8
-15.927161,16.481153,7.0,upper_mid_6_5_7
-18.886385,-16.387035,7.0,upper_mid_6_5_7
24.444262,18.931242,6.5,upper_mid_6_5_7
-5.688234,29.002296,2.5,low_0_4
5.330788,5.6281977,7.0,upper_mid_6_5_7
-20.475294,-7.3592305,7.5,high_7_5_8
12.338066,-3.7305443,7.0,upper_mid_6_5_7
-1.5174243,3.7695448,3.5,low_0_4
-0.41841337,19.60763,6.0,mid_5_5_6
38.766365,-19.270294,9.0,very_high_8_5_9
-29.198614,-16.156935,2.5,low_0_4
16.72034,6.6865754,6.0,mid_5_5_6
42.708958,-6.75004,4.0,low_0_4
10.747371,-20.312586,3.0,low_0_4
-23.835083,1.3096415,7.0,upper_mid_6_5_7
4.7444654,-37.098667,7.5,high_7_5_8
-4.837164,6.509564,6.0,mid_5_5_6
-28.420109,30.761547,6.0,mid_5_5_6
-17.807299,-17.017502,6.0,mid_5_5_6
0.15983804,-11.02845,7.0,upper_mid_6_5_7
15.934047,27.014378,5.5,mid_5_5_6
7.437571,-12.398151,6.5,upper_mid_6_5_7
-2.7232935,-20.016329,4.0,low_0_4
-11.320069,-33.992397,5.5,mid_5_5_6
-41.22038,-1.6667796,7.0,upper_mid_6_5_7
-36.052414,-2.2007284,6.5,upper_mid_6_5_7
-24.435198,23.127638,8.5,very_high_8_5_9
-10.413157,-38.157894,5.5,mid_5_5_6
11.015096,28.41036,3.5,low_0_4
-2.958485,42.067627,6.0,mid_5_5_6
-21.928267,-4.544749,6.5,upper_mid_6_5_7
2.8738418,-4.1403193,6.5,upper_mid_6_5_7
-15.395212,31.724957,4.0,low_0_4
2.6272466,5.940728,3.5,low_0_4
4.2285113,-15.690391,5.0,lower_mid_4_5_5
44.209705,0.45706448,8.0,high_7_5_8
20.439896,18.61355,3.5,low_0_4
26.977072,16.395933,4.0,low_0_4
38.266747,20.870504,7.0,upper_mid_6_5_7
-17.543062,13.368293,6.5,upper_mid_6_5_7
43.759384,-1.624785,4.0,low_0_4
-22.381031,-7.0354733,7.5,high_7_5_8
-5.724349,10.405225,4.0,low_0_4
-17.869398,-25.274662,6.0,mid_5_5_6
-6.3248177,0.8727384,8.0,high_7_5_8
9.633618,-31.846264,1.5,low_0_4
46.263737,4.6176085,7.5,high_7_5_8
7.1766844,-24.749454,3.0,low_0_4
-3.1996753,9.323998,7.5,high_7_5_8
6.218838,20.849205,6.0,mid_5_5_6
-27.22517,-4.7133455,8.0,high_7_5_8
-37.24324,16.746498,7.0,upper_mid_6_5_7
50.131348,2.5809433,7.5,high_7_5_8
38.13162,-12.019735,9.0,very_high_8_5_9
-39.76276,9.01994,7.5,high_7_5_8
7.420902,-7.050711,6.5,upper_mid_6_5_7
-11.867811,-26.16555,2.0,low_0_4
13.941365,-2.9718149,6.0,mid_5_5_6
11.905716,22.262386,6.0,mid_5_5_6
4.3845663,23.99266,7.0,upper_mid_6_5_7
24.03266,-12.936242,6.0,mid_5_5_6
-16.348091,-26.655205,6.0,mid_5_5_6
13.225105,30.029324,4.5,lower_mid_4_5_5
-2.774271,39.80143,5.5,mid_5_5_6
36.858627,-14.098722,7.0,upper_mid_6_5_7
-31.758404,5.5111294,7.5,high_7_5_8
12.024553,-5.9138465,6.0,mid_5_5_6
10.156614,20.926722,5.5,mid_5_5_6
-4.4489617,45.97945,8.5,very_high_8_5_9
7.024022,9.353666,6.5,upper_mid_6_5_7
5.1695147,10.815902,7.0,upper_mid_6_5_7
-9.402742,-3.2898471,6.0,mid_5_5_6
-22.982193,-4.8801956,6.5,upper_mid_6_5_7
5.5280943,-11.084094,4.0,low_0_4
-12.045148,-28.985125,7.5,high_7_5_8
1.1594716,-13.144397,6.5,upper_mid_6_5_7
1.0806749,-0.18874821,7.0,upper_mid_6_5_7
-7.620903,5.705758,3.5,low_0_4
-13.387052,-17.134867,7.0,upper_mid_6_5_7
20.038084,-5.9216948,6.0,mid_5_5_6
-10.969223,10.266626,6.5,upper_mid_6_5_7
33.867332,22.33791,6.5,upper_mid_6_5_7
-31.198704,17.94294,6.5,upper_mid_6_5_7
-40.69909,-10.728054,5.0,lower_mid_4_5_5
